station_id,latitude,longitude,yearly_avg_temp_c,days_recorded
USC00244558,48.3042,-114.2642,5.83,365
USR0000AALC,62.8167,-141.4667,2.84,323
USR0000AALP,33.8417,-109.1222,8.93,363
USR0000AASI,67.475,-162.2664,-0.66,359
USR0000ABAN,34.14,-87.3622,16.65,365
USR0000ABCK,65.5847,-144.3636,-2.83,360
USR0000ABEN,65.2833,-143.0667,0.54,340
USR0000ABLA,33.0867,-109.9506,19.33,365
USR0000ABNS,30.2528,-87.8125,21.44,365
USR0000ABNT,61.9358,-150.9858,3.82,362
USR0000ABNV,35.1428,-93.895,16.28,365
USR0000ABOL,63.8667,-145.8333,-1.83,318
USR0000ABOX,65.2989,-158.9053,-0.27,365
USR0000ABRK,36.7944,-113.7567,9.53,363
USR0000ABRO,60.4833,-149.7667,5.9,365
USR0000ABUC,36.9306,-112.1997,10.2,365
USR0000ABUU,65.9081,-160.8742,-1.07,315
USR0000ACAA,31.445,-110.28,15.73,365
USR0000ACAM,61.1586,-149.7967,4.8,348
USR0000ACAN,36.2047,-112.0622,7.21,365
USR0000ACCR,65.1892,-147.5003,0.63,363
USR0000ACHA,65.0167,-148.5833,1.06,365
USR0000ACHC,62.1242,-141.8453,-1.2,365
USR0000ACHE,34.5964,-112.0481,13.04,365
USR0000ACHG,60.2233,-153.4664,-1.98,365
USR0000ACHI,62.1333,-142.0833,-2.7,365
USR0000ACHL,66.5906,-144.3411,-3.41,365
USR0000ACHM,67.7558,-150.4933,-3.83,364
USR0000ACHR,32,-109.35,15.58,365
USR0000ACHS,62.5653,-144.6647,0.07,365
USR0000ACHT,61.5319,-144.4397,1.99,365
USR0000ACKN,64.06,-141.9294,-2.45,365
USR0000ACOA,65.3139,-143.1322,-2.09,365
USR0000ACOL,32.7039,-109.9139,6.09,365
USR0000ACOT,65.3458,-155.9361,-0.02,363
USR0000ACOV,58.8025,-155.5628,4.15,364
USR0000ACRO,34.2083,-112.3333,12.61,365
USR0000ADEN,63.7322,-148.9055,0.25,347
USR0000ADEV,66.2758,-164.5308,-1.25,351
USR0000ADON,63.9833,-145.65,-0.21,365
USR0000ADRL,33.3597,-109.8331,11.11,365
USR0000ADRY,36.45,-112.24,5.82,365
USR0000ADUN,63.2675,-149.5392,-0.75,365
USR0000ADVK,35.6111,-93.3333,14.03,365
USR0000AEAG,64.7761,-141.1619,-0.33,365
USR0000AEIE,63.4314,-150.3094,0.72,365
USR0000AEMP,31.7806,-110.6347,15.71,365
USR0000AERV,61.2725,-149.3661,5.99,337
USR0000AFAI,64.8367,-147.615,-0.2,364
USR0000AFAP,33.7011,-109.7058,9.96,347
USR0000AFAR,63.7233,-154.0767,-18.15,2
USR0000AFLG,35.145,-111.675,8.3,365
USR0000AFLT,62.8228,-156.6139,2.2,322
USR0000AFOU,36.7939,-112.0422,10.97,365
USR0000AFPK,58.7058,-153.5181,5.44,365
USR0000AFRA,35.8456,-113.055,10.72,365
USR0000AFYK,66.57,-145.2508,-2.95,365
USR0000AGEO,63.8375,-144.3503,1.21,365
USR0000AGLA,58.4564,-135.8697,7.14,365
USR0000AGLO,33.3503,-110.6519,17.43,365
USR0000AGOO,34.75,-113.3,15.82,365
USR0000AGOP,64.2381,-145.2669,1.31,365
USR0000AGRA,67.0333,-143.2833,-1.63,365
USR0000AGRE,34.06,-109.45,8.29,358
USR0000AGRN,60.7275,-149.287,5.09,346
USR0000AGUN,36.7044,-112.5833,13.07,365
USR0000AGUT,32.8819,-109.3092,14.06,365
USR0000AHAI,55.3503,-132.6983,7.23,365
USR0000AHAR,60.1489,-149.7986,0.57,250
USR0000AHAV,34.7872,-114.5617,21.03,365
USR0000AHAY,65.2017,-161.155,0.55,365
USR0000AHBR,34.3978,-110.5644,9.9,365
USR0000AHIL,33.6183,-110.42,10.91,365
USR0000AHLM,55.5297,-131.3661,8.06,365
USR0000AHOG,66.2167,-155.6667,0.17,351
USR0000AHOM,59.7458,-151.2083,5.5,365
USR0000AHON,57.8,-135.1333,6.67,364
USR0000AHOR,32.9375,-110.4961,18.24,365
USR0000AHOW,68.1561,-156.8958,-1.31,294
USR0000AHPI,35.8103,-110.2069,11.74,365
USR0000AHPK,31.6753,-110.88,13.62,362
USR0000AHUM,34.1164,-112.3006,15.6,365
USR0000AHUR,36.6992,-113.2072,12.71,365
USR0000AIMY,67.5461,-157.0692,-3.8,364
USR0000AINI,70.0036,-153.0836,-6.16,358
USR0000AIRO,34.5853,-112.5019,12.57,365
USR0000AJAR,63.9486,-145.6189,0.55,365
USR0000AJAT,62.6,-142.0833,1.99,327
USR0000AJES,34.6578,-93.0703,15.8,352
USR0000AKAI,64.4256,-158.1058,0.16,365
USR0000AKAK,56.9739,-133.66,7.02,365
USR0000AKAL,67.5733,-158.4317,-6.34,261
USR0000AKAN,66.0933,-152.17,1.71,281
USR0000AKEL,67.9333,-162.3,-0.8,365
USR0000AKIA,66.9767,-160.4375,-0.69,365
USR0000AKIL,60.32,-160.2,1.49,364
USR0000AKLA,62.1472,-144.9281,1.35,363
USR0000AKLK,60.3667,-149.4,4.87,365
USR0000AKLP,67.9703,-154.9242,-6.01,361
USR0000AKOY,66.0083,-157.57,-0.08,352
USR0000ALAK,34.16,-109.98,10.1,365
USR0000ALBE,36.2858,-112.0794,6.15,365
USR0000ALIB,66.0914,-143.3672,-0.42,341
USR0000ALIM,34.1789,-110.2736,11.03,365
USR0000ALIR,34.4978,-85.6292,15.6,365
USR0000ALIV,65.4236,-148.7217,-0.97,365
USR0000ALMI,63.8933,-152.3106,0.54,365
USR0000ALOS,66.0425,-147.9714,-2.27,365
USR0000AMAY,61.3208,-142.5844,0.82,365
USR0000AMCK,63.6492,-151.6397,-0.43,350
USR0000AMOL,34.9067,-111.445,8.17,365
USR0000AMOS,35.0336,-113.8925,12.31,365
USR0000AMTL,36.3472,-113.1989,9.14,365
USR0000AMTN,67.1414,-162.9944,-4.2,169
USR0000AMUL,32.4,-110.2708,17.17,365
USR0000AMUS,35.6147,-113.7939,13.46,365
USR0000ANIN,60.0433,-151.6655,4.09,365
USR0000ANIX,36.39,-113.1522,9.19,365
USR0000ANOA,68.0708,-158.7042,-0.79,271
USR0000ANOO,32.6678,-109.7881,16.6,365
USR0000ANOR,66.8333,-154.3333,0.16,301
USR0000AOAK,34.9417,-111.7517,13.7,365
USR0000AOKL,64.0217,-146.2522,0.7,363
USR0000AOKM,32.9572,-87.1706,18.34,365
USR0000AOLA,36.5072,-113.8161,18.68,365
USR0000AOPE,31.0944,-86.5486,20.37,365
USR0000APAL,60.1958,-154.32,5.16,365
USR0000APAM,67.7719,-152.195,-4.05,360
USR0000APAR,36.7278,-111.8219,10.08,365
USR0000APAX,62.9453,-145.5014,0.05,355
USR0000APAY,34.2431,-111.3028,14.69,365
USR0000APED,59.8944,-149.7308,6.58,337
USR0000APLE,34.0933,-110.9333,13.47,365
USR0000APOO,64.105,-155.5583,1.21,348
USR0000APRE,65.9233,-145.03,-2.52,365
USR0000APRO,34.3694,-111.025,8.81,365
USR0000APTM,61.4225,-150.0914,4.23,365
USR0000AQTZ,65.4,-164.65,-0.61,365
USR0000AQUA,37.5222,-112.2711,5.84,337
USR0000ARAB,61.0844,-149.7283,5.49,365
USR0000ARAG,40.5983,-113.0217,10.83,365
USR0000AREI,61.7161,-162.665,2.06,319
USR0000AREN,62.71,-146.6181,0.15,350
USR0000ARIN,32.2056,-110.5481,9.96,365
USR0000ARMC,67.6853,-154.4731,-4.83,362
USR0000AROU,64.6847,-153.94,-2.31,324
USR0000ARUC,31.7611,-109.3486,14.33,365
USR0000ARUT,62.7097,-150.5397,1.34,362
USR0000ASAG,32.3167,-110.8133,21.08,365
USR0000ASAK,60.4967,-151.0142,4.8,365
USR0000ASAR,64.8,-147.6167,3.77,267
USR0000ASAS,31.6908,-111.45,17.46,365
USR0000ASCA,33.3717,-110.4569,19.22,365
USR0000ASEL,66.6033,-159.1125,-1.35,365
USR0000ASES,31.91,-111.8975,21.19,365
USR0000ASEV,65.9383,-149.855,-0.88,337
USR0000ASHK,33.6472,-85.6344,16.91,365
USR0000ASIL,35.97,-92.7458,15.48,365
USR0000ASIS,67.995,-160.3956,-3.11,364
USR0000ASKI,60.4839,-150.4606,5.59,365
USR0000ASKT,64.6328,-159.9022,-4.45,365
USR0000ASLC,64.59,-146.14,-1.11,365
USR0000ASLR,67.4597,-159.8405,-1.66,365
USR0000ASMI,34.1158,-113.3472,21.22,365
USR0000ASNI,60.6103,-154.32,2.51,365
USR0000ASOL,32.4033,-110.7117,12.1,364
USR0000ASSA,37.5167,-112.5556,6.37,365
USR0000ASTA,34.1667,-112.7333,19.19,365
USR0000ASTH,33.5406,-109.3169,10.46,365
USR0000ASTK,35.8683,-94.2969,15.27,338
USR0000ASTM,63.7478,-150.328,-0.62,357
USR0000ASTO,61.0008,-153.8958,2.18,365
USR0000ASTU,64.7189,-146.5044,2.03,365
USR0000ASUN,34.1953,-112.1417,18.69,365
USR0000ASWA,60.7278,-150.8722,5.49,365
USR0000ATAH,67.5503,-163.5672,-1.48,362
USR0000ATAK,63.3253,-143.0017,-1.22,365
USR0000ATAL,33.4411,-86.0811,18,365
USR0000ATAN,60.9081,-142.6978,1,365
USR0000ATEB,61.1881,-144.4003,3.02,321
USR0000ATEL,63.44,-153.3567,-0.67,356
USR0000ATHO,55.75,-132.9833,8.05,365
USR0000ATKL,63.5242,-150.0433,2.41,248
USR0000ATOK,62.9572,-143.3467,0.86,336
USR0000ATRA,33.2667,-109.3683,13.54,365
USR0000ATRU,35.7825,-113.7942,14.34,365
USR0000ATTA,64.4044,-148.4622,1.07,365
USR0000ATUS,35.99,-112.12,8.42,365
USR0000ATWE,36.5819,-113.7319,14.04,365
USR0000AUCR,64.5167,-143.2022,-1.76,338
USR0000AUMI,69.37,-152.1361,-6.89,365
USR0000AUNI,35.2247,-114.3747,18.85,365
USR0000AVER,34.5539,-111.8492,16.82,365
USR0000AWAR,36.7,-112.23,7.31,365
USR0000AWEI,64.315,-151.0833,15.93,338
USR0000AWIG,63.8122,-150.05,-0.05,360
USR0000AWLL,61.765,-150.0503,3.83,357
USR0000AWON,63.4903,-150.8714,-0.56,325
USR0000AYAN,56.9144,-157.0333,7.31,339
USR0000AYEL,36.1542,-113.5417,8.86,363
USR0000AZAR,56.3,-132.8486,7.46,365
USR0000BADG,37.1697,-113.9497,16.73,365
USR0000BEAR,40.8844,-110.8292,2.52,365
USR0000BIGI,38.2244,-109.2783,9.96,365
USR0000BKTL,40.2692,-110.5622,6.64,365
USR0000BLAC,38.9792,-112.2394,9.18,365
USR0000BRIM,38.3083,-113.3847,10.26,365
USR0000BRUN,39.6097,-110.2944,2.7,365
USR0000BRYC,37.6417,-112.1722,4.84,365
USR0000BRYS,39.2933,-109.2372,11.55,365
USR0000BUCF,37.9033,-111.6914,7.08,365
USR0000BUES,41.15,-111.9167,10.33,365
USR0000CABS,40.3983,-122.8333,15.25,365
USR0000CACT,34.4458,-118.2,15.5,365
USR0000CAGD,35.1792,-120.3919,9.96,43
USR0000CALD,39.6514,-122.7236,11.9,365
USR0000CALP,32.8336,-116.7392,16.12,365
USR0000CALT,37.3581,-122.1472,15.27,365
USR0000CANZ,33.555,-116.673,13.56,365
USR0000CAPT,40.1867,-123.5903,13.08,365
USR0000CARR,36.23,-121.4917,15.36,365
USR0000CART,40.8847,-109.4122,6.29,365
USR0000CASC,41.2769,-121.9794,8.13,365
USR0000CBAC,40.8892,-123.1422,10.99,365
USR0000CBAI,39.3794,-105.3394,7.11,365
USR0000CBAL,38.9056,-120.6972,12.53,365
USR0000CBAR,38.0281,-122.7022,13.78,365
USR0000CBAT,37.2319,-119.5083,14.81,365
USR0000CBBR,40.7333,-123.2333,12.72,339
USR0000CBCN,33.5417,-117.5917,16.94,365
USR0000CBDR,40.0181,-105.3614,8.53,365
USR0000CBDY,35.8644,-120.8031,15.15,365
USR0000CBEA,35.8842,-118.0517,7.36,364
USR0000CBEN,37.8431,-118.4778,11.02,365
USR0000CBEU,33.9306,-116.95,16.18,365
USR0000CBEV,34.125,-118.4122,17.49,365
USR0000CBGR,39.3975,-121.3861,16.73,365
USR0000CBIG,37.0203,-106.2006,0.63,146
USR0000CBIH,41.0975,-123.6358,3,318
USR0000CBIP,34.3789,-117.6919,9.85,365
USR0000CBIR,38.0394,-122.57,14.67,365
USR0000CBKD,37.95,-121.8844,15.56,353
USR0000CBLA,38.5428,-107.6869,5.72,365
USR0000CBLD,41.0547,-120.3375,7.14,365
USR0000CBLK,37.8617,-105.2842,6.66,365
USR0000CBLQ,41.2694,-123.1875,7.93,284
USR0000CBLT,38.5908,-120.9336,16.03,365
USR0000CBLU,37.7978,-106.7792,1.66,365
USR0000CBNL,37.1317,-122.17,13.79,365
USR0000CBOG,40.5981,-121.0831,5.47,365
USR0000CBOO,38.9875,-123.3486,13.94,365
USR0000CBPI,34.3194,-117.0131,9,365
USR0000CBR4,38.2719,-119.2892,8.02,365
USR0000CBRA,35.1889,-120.0833,14.05,365
USR0000CBRF,41.295,-120.3133,7.02,365
USR0000CBRI,37.9442,-122.1178,14.52,365
USR0000CBRK,36.0931,-118.2603,6.13,365
USR0000CBRO,38.7383,-122.1447,18.73,320
USR0000CBSR,36.2356,-121.785,14.52,365
USR0000CBUL,40.4808,-120.1139,9.34,365
USR0000CBUR,34.2103,-116.6339,13.03,365
USR0000CBUU,32.7397,-114.8839,24.04,365
USR0000CBVR,38.4883,-120.325,11.46,330
USR0000CBZE,41.6853,-122.5942,12.2,365
USR0000CCAA,32.9736,-115.1736,23.53,348
USR0000CCAL,41.3075,-122.7958,10.96,365
USR0000CCAM,32.7214,-116.4631,13.85,365
USR0000CCAR,35.0964,-119.7728,16.7,365
USR0000CCAS,33.445,-117.4181,16.27,365
USR0000CCAT,37.4681,-120.1106,17.43,365
USR0000CCCI,37.9478,-104.8692,10.84,363
USR0000CCDG,36.7878,-118.6561,10.19,365
USR0000CCHB,34.1847,-118.7172,17.56,365
USR0000CCHE,39.1814,-105.2672,8.31,365
USR0000CCHI,34.3317,-118.0303,13.43,365
USR0000CCHU,34.8083,-119.0125,9.6,365
USR0000CCLA,34.1369,-117.7069,16.51,365
USR0000CCLE,34.2711,-118.1525,15.48,365
USR0000CCLK,33.8767,-117.3089,17.49,365
USR0000CCLV,37.5531,-121.8439,15.08,365
USR0000CCMO,36.4108,-118.8092,7.06,299
USR0000CCOC,39.64,-105.4647,5.56,365
USR0000CCOH,39.8717,-121.7689,18.09,333
USR0000CCOL,41.775,-122.9503,8.5,365
USR0000CCON,34.1942,-116.9131,10.97,365
USR0000CCOO,40.2569,-124.2661,11.04,365
USR0000CCOP,38.3139,-105.4844,7.33,365
USR0000CCOR,36.9911,-121.7978,13.96,365
USR0000CCOT,38.5731,-108.2778,8.67,365
USR0000CCOU,39.0189,-122.4119,15.87,365
USR0000CCP9,34.3617,-118.4217,14.14,365
USR0000CCPT,38.4594,-109.0469,7.12,365
USR0000CCRA,37.7617,-119.8247,9.65,363
USR0000CCRE,37.745,-118.9833,5.02,365
USR0000CCRN,39.9389,-122.1697,17.45,365
USR0000CCRO,39.3528,-107.0931,5.73,365
USR0000CCRR,40.0686,-121.5825,11.1,365
USR0000CCRT,33.7403,-116.8414,17.34,364
USR0000CCRZ,41.9919,-123.6036,9.85,365
USR0000CCSH,40.0017,-120.915,10.79,365
USR0000CCUC,37.0969,-104.9214,9.06,365
USR0000CDEA,40.0786,-107.3786,4.18,365
USR0000CDEM,39.46,-108.88,8.32,365
USR0000CDES,32.8569,-116.6222,14.03,365
USR0000CDEV,37.2269,-107.3047,8.8,365
USR0000CDGR,41.53,-120.6714,8.89,365
USR0000CDIA,37.3292,-121.2939,16.24,365
USR0000CDIN,40.5086,-108.9106,8.81,365
USR0000CDMC,35.5317,-118.6303,15.98,365
USR0000CDNK,37.0664,-119.0394,7.3,365
USR0000CDOG,39.5619,-120.0478,6.82,365
USR0000CDOW,39.6269,-106.4517,3.17,365
USR0000CDOY,40.0222,-120.1056,10.86,365
USR0000CDRA,39.9153,-108.8875,8.55,365
USR0000CDRY,40.535,-106.7808,4.19,365
USR0000CDUN,39.1439,-120.5089,7.98,354
USR0000CDVA,34.4311,-118.6828,17.15,365
USR0000CEAG,39.9278,-122.6569,13.54,357
USR0000CEDM,40.3008,-112.7764,10.22,365
USR0000CEEC,40.1383,-123.8236,13.18,365
USR0000CEEL,39.8333,-123.0833,14.1,365
USR0000CELC,33.6472,-117.4111,16.45,365
USR0000CELI,38.0631,-120.2469,12.31,365
USR0000CELM,34.6344,-117.5503,16.01,365
USR0000CEST,40.3667,-105.55,6.08,365
USR0000CFAN,36.8839,-119.4658,19.16,365
USR0000CFAW,34.2661,-116.8989,7.91,365
USR0000CFEN,36.9614,-119.175,12.56,365
USR0000CFHL,36.0117,-121.2417,15.34,365
USR0000CFIG,34.7331,-120.0067,15.63,365
USR0000CFIS,32.9903,-116.0669,24.61,365
USR0000CFIV,35.8717,-117.9183,17.15,365
USR0000CFOR,39.0914,-120.7317,12.45,365
USR0000CFOU,35.8922,-118.915,17.28,365
USR0000CFRE,33.8081,-117.7111,17.16,365
USR0000CFRI,40.505,-123.3417,10.42,356
USR0000CFTC,38.6586,-104.8539,10.33,365
USR0000CGHP,40.7817,-120.7844,6.7,365
USR0000CGOO,33.0736,-116.8458,16.86,365
USR0000CGOR,40.7586,-120.8961,6.26,365
USR0000CGRE,40.7578,-107.8533,5.69,363
USR0000CGSP,37.8331,-120.5,16.87,365
USR0000CGUN,40.2092,-106.3292,3.51,365
USR0000CGYP,39.6953,-106.9731,6.59,365
USR0000CHAS,36.3886,-121.5517,14.38,365
USR0000CHAW,38.7817,-122.9169,15.07,365
USR0000CHAY,40.55,-123.165,11.32,365
USR0000CHEL,39.0717,-120.4217,10.47,365
USR0000CHEP,40.8111,-110.0747,-2.91,365
USR0000CHER,36.3825,-120.8558,14.29,356
USR0000CHGL,39.2083,-122.8083,11.43,365
USR0000CHIG,37.3147,-119.0383,6.95,362
USR0000CHLD,39.0308,-123.0806,14.58,365
USR0000CHLR,36.8422,-121.3622,14.9,365
USR0000CHNM,36.5625,-117.4736,10.06,362
USR0000CHOL,40.6306,-120.5028,8.21,365
USR0000CHOO,41.0478,-123.6714,13.62,365
USR0000CHOR,35.7706,-115.9092,14.94,365
USR0000CHUM,38.3319,-107.0889,3.81,365
USR0000CHUN,39.7667,-108.3167,7.69,365
USR0000CHUR,37.0153,-119.5678,15.77,365
USR0000CIND,41.7417,-121.5383,9.09,365
USR0000CJAC,38.7533,-108.5797,6.71,365
USR0000CJAR,39.7358,-121.4889,14.82,365
USR0000CJAY,38.8417,-107.7361,10.76,365
USR0000CJER,37.5436,-119.8386,13.21,365
USR0000CJOH,35.9717,-118.545,9.59,365
USR0000CJUA,41.7861,-122.0056,8.66,365
USR0000CJUL,33.0758,-116.5908,13.24,365
USR0000CJUN,41.3322,-120.4725,9.07,365
USR0000CKEE,33.6667,-116.7667,13.54,365
USR0000CKET,36.0333,-120.0569,19.34,365
USR0000CKNO,38.8619,-122.4172,15.16,365
USR0000CKON,38.9119,-122.7064,15.61,365
USR0000CLAB,37.0547,-121.0531,17.71,365
USR0000CLAD,40.7392,-108.8347,8.71,365
USR0000CLAG,32.8797,-116.4203,10.36,365
USR0000CLAH,37.3053,-122.255,13.3,365
USR0000CLAP,35.3811,-120.1875,14.3,365
USR0000CLAR,35.4783,-117.6989,15.43,365
USR0000CLAS,40.3442,-121.7136,12.63,365
USR0000CLAU,40.1417,-120.3533,9.2,365
USR0000CLAY,39.7022,-123.485,13.14,365
USR0000CLDR,40.8072,-121.2967,8.57,357
USR0000CLEO,34.0456,-118.9358,16.8,364
USR0000CLGA,37.2028,-121.9428,14.8,365
USR0000CLGE,38.9772,-105.3553,4.43,365
USR0000CLHO,34.0178,-116.1878,15.19,365
USR0000CLIN,38.8825,-121.2683,16.8,365
USR0000CLIT,38.9692,-108.9444,9.44,365
USR0000CLKL,41.9992,-121.7003,8.35,365
USR0000CLOG,37.3517,-107.915,7.95,365
USR0000CLOP,34.5358,-119.7833,16.11,365
USR0000CLST,35.6564,-120.9242,14.36,365
USR0000CLTU,34.2936,-118.3608,17.13,365
USR0000CLUJ,38.2544,-106.5678,1.19,365
USR0000CLYO,39.1258,-123.0736,13.36,365
USR0000CLYT,34.2339,-117.4803,15.46,365
USR0000CMAD,40.4633,-123.5239,11.72,239
USR0000CMAL,34.0583,-118.6333,16.92,365
USR0000CMAN,40.54,-121.5803,6.87,365
USR0000CMCB,34.0836,-117.0347,16.33,365
USR0000CMCG,39.3528,-123.6011,12.21,365
USR0000CMEA,34.3906,-116.5169,17.82,365
USR0000CMEN,39.8075,-122.945,9.73,365
USR0000CMES,37.055,-107.7069,9.1,359
USR0000CMID,35.1231,-115.4114,13.45,365
USR0000CMIL,34.3903,-118.0825,13.03,365
USR0000CMIO,36.2314,-118.8689,17.86,365
USR0000CMLR,37.8172,-121.7789,14.99,365
USR0000CMNC,34.4614,-119.6481,16.64,365
USR0000CMOR,34.3175,-117.5019,14.52,365
USR0000CMOU,37.0544,-119.3711,13.79,365
USR0000CMRF,37.3006,-108.4133,8.5,364
USR0000CMRK,38.6833,-119.7667,8.81,365
USR0000CMS2,41.3156,-122.3156,10.32,365
USR0000CMSA,37.5042,-119.9869,15.11,365
USR0000CMTZ,38.3894,-120.6511,15.15,365
USR0000CNEE,38.3894,-106.5303,3.8,365
USR0000CNFO,37.2331,-119.5047,14.92,365
USR0000CNUC,38.2297,-108.5583,10.84,365
USR0000COAK,41.8386,-122.85,12.32,365
USR0000COAM,41.0064,-121.9833,13.55,365
USR0000COCR,36.8425,-118.2594,14.82,365
USR0000COKG,33.3933,-116.795,15.32,365
USR0000COKN,37.865,-122.2208,13.54,365
USR0000COKO,36.1753,-118.7017,15.15,365
USR0000COKS,37.7861,-122.1447,13.8,365
USR0000COPA,35.1542,-117.1756,17.38,365
USR0000COWE,38.7333,-120.245,9.02,365
USR0000COWV,37.39,-118.5506,14.41,365
USR0000COZE,34.6819,-119.3539,13.82,365
USR0000CPAR,35.8989,-120.4319,15.18,365
USR0000CPAT,40.295,-122.8667,12.98,365
USR0000CPCG,39.8744,-105.5164,4.28,365
USR0000CPCY,37.9056,-104.0556,12.26,363
USR0000CPHI,33.0164,-116.6339,13.99,365
USR0000CPIE,40.2461,-120.6422,8.6,364
USR0000CPIH,36.6853,-119,13.21,365
USR0000CPIK,39.475,-121.2025,13.29,365
USR0000CPIL,38.8325,-121.0086,15.42,365
USR0000CPIN,40.0097,-108.4597,7.67,365
USR0000CPKR,36.7242,-118.9425,9.23,303
USR0000CPNN,36.4708,-121.1472,15.56,365
USR0000CPNR,39.2603,-108.4072,8.97,365
USR0000CPOP,34.7325,-118.3833,15.73,365
USR0000CPOR,40.0978,-106.6464,1.35,365
USR0000CPOT,32.6058,-116.6089,15.12,365
USR0000CPOV,37.4431,-121.7706,14.78,365
USR0000CPRD,36.7269,-120.7658,17.17,365
USR0000CPUL,37.475,-122.2981,14.88,365
USR0000CQUA,41.5992,-122.9336,10.99,365
USR0000CQUI,39.9733,-120.9419,10.32,365
USR0000CRAV,40.7308,-120.3164,8.21,365
USR0000CRCH,33.2222,-116.4975,14.46,365
USR0000CRDR,39.3036,-121.1172,15.42,365
USR0000CRDS,40.5708,-105.2264,8.73,365
USR0000CREA,40.5158,-122.2906,17.35,365
USR0000CRED,38.8272,-106.2111,5.62,365
USR0000CREF,40.7981,-105.5722,4.95,365
USR0000CRIC,34.0608,-114.7322,22.53,365
USR0000CRIF,39.5122,-107.7492,9.05,365
USR0000CROC,37.5514,-118.6672,7.54,362
USR0000CROD,39.6681,-123.3211,12.72,365
USR0000CROS,34.5431,-119.1842,12.39,365
USR0000CROU,41.4272,-121.4639,8.88,364
USR0000CRSP,37.5019,-121.7355,13.29,365
USR0000CRUS,41.2944,-120.8639,9.02,365
USR0000CRUT,40.2506,-123.3158,10.88,365
USR0000CSAC,39.4172,-122.1825,17.08,365
USR0000CSAD,34.6847,-117.8208,16.4,365
USR0000CSAL,37.6511,-108.5364,6.11,365
USR0000CSAN,38.1917,-108.2167,6.7,365
USR0000CSAU,34.425,-118.525,17.2,365
USR0000CSAW,41.3003,-123.1322,12.31,365
USR0000CSBB,33.4833,-119.0333,15.74,365
USR0000CSCI,33.9958,-119.7222,15.76,365
USR0000CSCN,41.1117,-122.6967,10.77,316
USR0000CSDC,39.425,-122.9772,12.54,365
USR0000CSDD,39.6375,-120.8653,8.22,358
USR0000CSEC,39.1836,-120.8847,13.79,365
USR0000CSFD,34.1208,-117.9458,18.48,365
USR0000CSHA,37.135,-119.2561,7.76,365
USR0000CSHH,41.1383,-123.9056,11.04,365
USR0000CSHI,41.7358,-123.7917,7.81,281
USR0000CSHQ,36.5672,-118.9556,14.07,365
USR0000CSIM,41.075,-122.3733,13.3,365
USR0000CSKU,39.5625,-107.42,5.37,365
USR0000CSLA,41.8586,-123.3525,9.5,359
USR0000CSLP,40.2708,-105.8328,0.68,365
USR0000CSMI,32.685,-116.9736,17.16,365
USR0000CSNL,37.1822,-120.7939,16.59,365
USR0000CSNR,36.3478,-120.5978,12.03,365
USR0000CSOD,39.56,-105.9864,2.52,365
USR0000CSOL,40.9258,-121.5856,11.46,365
USR0000CSOM,41.39,-123.4958,13.52,365
USR0000CSQS,35.37,-117.5683,17.09,365
USR0000CSQU,32.9083,-114.4944,24.2,365
USR0000CSRI,33.9778,-120.0778,14.2,365
USR0000CSRO,33.5286,-117.2306,16.02,365
USR0000CSRS,38.4786,-122.7119,14.68,363
USR0000CSTA,39.4833,-120.075,6.9,365
USR0000CSTO,39.3669,-122.575,15.58,365
USR0000CSUF,40.9167,-122.4383,13.42,362
USR0000CSVA,37.5625,-122.4364,13.03,365
USR0000CTAN,34.2069,-117.7606,16.03,365
USR0000CTAY,38.9078,-106.6017,1.55,365
USR0000CTE2,34.4806,-118.7556,16.59,365
USR0000CTHO,39.8644,-122.6097,17.96,365
USR0000CTIM,41.6294,-121.2981,8.86,365
USR0000CTOM,37.3761,-119.1783,6.64,323
USR0000CTRA,37.8339,-122.0669,14.36,365
USR0000CTRI,40.7864,-122.8045,12.05,365
USR0000CTRM,36.9111,-119.305,17.24,365
USR0000CUHL,35.8889,-118.6333,13.31,365
USR0000CUND,40.7219,-123.4953,11.72,365
USR0000CVAL,33.2372,-117.0086,16.59,365
USR0000CVAN,41.6431,-121.7939,8.67,365
USR0000CVAY,34.4456,-117.8511,14.87,365
USR0000CVND,34.7586,-120.4861,13.86,365
USR0000CWAK,38.5653,-119.4592,11.38,365
USR0000CWAL,35.6647,-118.0569,12.44,365
USR0000CWAR,34.5958,-118.5786,14.49,365
USR0000CWEE,41.4789,-122.4539,11.64,365
USR0000CWES,40.3067,-120.9,8.13,347
USR0000CWHC,39.3167,-120.8375,12.65,365
USR0000CWHH,33.9839,-118.01,17.47,365
USR0000CWHT,40.6194,-121.8994,14.15,365
USR0000CWOF,35.7217,-118.4989,14.34,365
USR0000CWOL,36.445,-118.7033,12.35,365
USR0000CWOO,37.9906,-122.6447,14.2,365
USR0000CWPK,34.5686,-118.7403,14.28,365
USR0000CWSC,38.0039,-105.0564,5.98,365
USR0000CWWC,40.3517,-106.2153,2.68,365
USR0000CWWO,37.8511,-119.65,5.37,311
USR0000CYOL,40.3375,-123.0656,10.5,365
USR0000CYUC,34.1233,-116.4078,16.95,365
USR0000CYUR,41.2897,-123.8575,12.82,365
USR0000DIAM,40.6172,-109.2428,5.08,365
USR0000ENTR,37.5586,-113.7172,9.91,365
USR0000FBLO,30.5872,-84.9886,20.38,365
USR0000FCAC,25.3903,-80.6803,24.58,365
USR0000FCEN,29.105,-81.63,22.04,365
USR0000FCHE,25.625,-80.5797,24.91,365
USR0000FIVE,39.8811,-110.2658,7.34,365
USR0000FLSU,29.3731,-83.0344,21.59,365
USR0000FMER,28.6408,-80.7308,22.9,365
USR0000FMIL,26.2483,-81.2967,24.04,365
USR0000FNAV,30.3664,-87.1375,21.56,355
USR0000FOAS,25.85,-81.03,24.44,365
USR0000FOCH,25.9167,-81.2833,24.63,365
USR0000FOLU,30.2,-82.4,20.68,365
USR0000FRAC,25.9708,-80.9,24.51,365
USR0000FSAN,30.23,-84.68,20.5,365
USR0000FSTM,30.1333,-84.1333,20.8,365
USR0000FSUM,30.0175,-84.9842,20.84,365
USR0000FTOP,39.3375,-110.6,10.34,365
USR0000FWIL,30.1694,-84.9344,19.88,327
USR0000GARM,34.6953,-85.1736,16.92,365
USR0000GATH,33.8967,-83.3656,17.85,365
USR0000GBAX,31.7136,-82.3878,20.15,365
USR0000GBRA,34.8028,-83.71,13.93,365
USR0000GBRE,33.0097,-83.7397,18.29,365
USR0000GBYR,32.2033,-83.9319,19.74,365
USR0000GCAM,34.63,-84.0975,16.14,365
USR0000GCHA,34.6403,-83.5219,15.99,365
USR0000GCHS,34.77,-84.5833,17.17,365
USR0000GCML,31.2142,-84.2364,20.57,365
USR0000GCOH,34.9225,-84.6594,16.21,365
USR0000GCOO,31.1097,-83.4269,20.5,365
USR0000GDAL,33.8333,-84.74,17.03,365
USR0000GDAW,34.3761,-84.0597,16.43,365
USR0000GJON,30.8289,-82.36,20.63,365
USR0000GLOU,32.975,-82.3528,19.17,365
USR0000GMCI,32.7797,-83.25,18.88,365
USR0000GMCR,32.0097,-82.9,19.84,365
USR0000GMET,32.3911,-82.0372,19.73,365
USR0000GMID,31.7842,-81.4386,20.14,365
USR0000GNEW,33.3653,-84.8594,17.71,365
USR0000GOCO,33.2083,-83.7136,18.5,365
USR0000GPLA,32.0097,-84.33,19.68,365
USR0000GSTA,30.9172,-81.4294,20.87,365
USR0000GSTE,31.2569,-81.6106,20.33,365
USR0000GTAL,34.9058,-83.3344,15.3,365
USR0000GTOC,34.765,-84.0744,14.15,365
USR0000GWAS,33.7806,-82.8161,18.18,365
USR0000GWAY,31.11,-82.26,20.68,365
USR0000HEWI,40.9528,-110.4806,1.14,365
USR0000HHAI,20.5803,-156.5711,22.34,221
USR0000HHAK,19.8211,-155.3306,12.27,365
USR0000HKAH,21.6792,-157.9894,23.65,365
USR0000HKAN,20.5222,-156.5658,23.84,365
USR0000HKII,21.6883,-157.9525,24.83,365
USR0000HKMO,19.4736,-155.3589,15.12,365
USR0000HLAN,20.8733,-157.0064,22.29,365
USR0000HMAH,22.1306,-159.7153,21.33,356
USR0000HMAK,21.2033,-156.9661,23.85,232
USR0000HMAP,21.5261,-158.2042,21.97,184
USR0000HMAR,21.5286,-158.2261,24.83,348
USR0000HMLK,21.115,-156.9475,19.66,365
USR0000HMOL,22.1833,-159.3375,23.93,365
USR0000HMRG,21.5428,-158.1989,21.11,365
USR0000HORR,39.9336,-110.8617,5.05,365
USR0000HORS,38.6667,-112.6508,9.77,362
USR0000HPAL,19.3175,-155.2922,19.52,362
USR0000HPTA,19.6828,-155.5453,14.12,365
USR0000HPTK,19.6669,-155.7078,15.07,365
USR0000HPTW,19.7717,-155.7022,16.57,365
USR0000HPUW,19.795,-155.8453,20.15,365
USR0000HSCH,21.4994,-157.9933,21.85,253
USR0000HSCO,21.495,-158.0819,22.14,365
USR0000HWVA,21.4806,-158.1553,23.69,365
USR0000I3MI,44.3958,-112.1081,4.18,365
USR0000IARC,43.6231,-113.3872,4.63,355
USR0000IBAI,41.6317,-87.0878,10.04,365
USR0000IBEA,44.385,-115.55,3.96,363
USR0000IBIO,38.9253,-85.3625,12.41,365
USR0000IBNR,37.2486,-89.3783,14.43,364
USR0000IBOF,48.6756,-116.3361,7.69,365
USR0000IBON,44.375,-114.5667,2.76,365
USR0000IBRA,42.3497,-116.69,7.9,365
USR0000IBUL,42.08,-114.4847,5.92,365
USR0000ICBO,37.6792,-89.0028,14.68,335
USR0000ICHL,44.5042,-114.2228,6.67,365
USR0000ICOP,43.8,-113.8333,-0.08,365
USR0000ICRY,42.99,-113.16,7.22,365
USR0000IDEA,44.3256,-117.1678,9.94,365
USR0000IDEN,46.6217,-116.2183,9.96,365
USR0000IDEP,42.3653,-112.7056,6.04,365
USR0000IDER,43.1744,-115.1517,8.09,365
USR0000IDES,41.5333,-96.0833,10.25,365
USR0000IDIA,42.8667,-111.2167,3.5,365
USR0000IDIX,37.4361,-88.6672,14.37,358
USR0000IEZR,44.8464,-114.0264,4.83,365
USR0000IFEN,46.1,-115.5347,9.3,365
USR0000IFIS,47.1292,-115.875,5.01,365
USR0000IFLE,43.6197,-114.8989,4.74,365
USR0000IFLI,42.0792,-112.1833,7.96,365
USR0000IGAS,44.1678,-111.7792,4.3,365
USR0000IGOO,42.095,-113.8958,7.74,365
USR0000IGRA,42.5372,-111.8547,6.5,365
USR0000IGRL,43.0497,-111.3794,3.35,365
USR0000IHAR,39,-86.4228,12.84,365
USR0000IHPK,43.9481,-114.7561,2.21,365
USR0000IHSB,42.4172,-115.2278,8.22,365
USR0000IIND,45.3833,-114.1667,7.89,365
USR0000IISP,44.4167,-111.3833,2.5,365
USR0000IKEL,46.6667,-115.1667,6.37,365
USR0000IKRI,45.3556,-113.8933,6.27,365
USR0000ILCR,44.5,-114.9,7.4,365
USR0000ILEA,44.7,-113.35,4.25,365
USR0000ILIN,47.1083,-116.2278,4.94,365
USR0000ILIT,44.0911,-115.8806,7.72,365
USR0000ILOD,45.3786,-115.1872,3.83,365
USR0000IMHO,43.0283,-115.87,10.65,365
USR0000IMOD,43.65,-111.5792,4.65,361
USR0000IMOL,42.0431,-113.1528,6.79,365
USR0000IMOO,46.0697,-114.55,8.18,365
USR0000INEA,41.5667,-93.2583,9.4,365
USR0000INOR,43.7897,-114.4208,3.35,357
USR0000INUC,47.5083,-115.9461,7.32,365
USR0000IOHI,43.6008,-114.3158,5.09,365
USR0000IPCK,42.0694,-115.7861,7.66,365
USR0000IPCN,42.8944,-111.8406,5.29,365
USR0000IPCR,43.54,-111.2008,4.54,354
USR0000IPIE,46.5,-115.8333,5.72,365
USR0000IPIN,44.25,-116.18,6.87,365
USR0000IPIT,45.6375,-116.4686,9.99,304
USR0000IPOB,43.2261,-113.5744,7.03,364
USR0000IPOT,46.9833,-116.9833,8.35,365
USR0000IPOW,46.5122,-114.6881,5.66,365
USR0000IPRL,48.575,-116.9636,5.97,365
USR0000IRAF,42.5478,-113.2594,8.2,365
USR0000IRED,45.7125,-115.3375,5.61,365
USR0000IROC,42.9717,-114.0631,8.34,365
USR0000ISAD,48.9417,-116.7292,2.78,365
USR0000ISAL,45.15,-113.9333,6.61,365
USR0000ISHO,46.9833,-116.6333,7.78,365
USR0000ISKI,44.9436,-116.1878,6.03,365
USR0000ISKU,45.3367,-114.4681,5.71,365
USR0000ISLA,45.6333,-116.2833,11.81,365
USR0000ISNA,45.0997,-116.7369,8.68,360
USR0000ISPA,42.0181,-116.2128,7.64,365
USR0000ISTN,44.1692,-114.9258,2.12,365
USR0000ITEA,44.9044,-115.7375,6.7,365
USR0000ITOW,43.9333,-115.9167,6.76,365
USR0000ITPL,38.125,-86.625,13.67,365
USR0000ITRA,42.3161,-114.3031,8.8,365
USR0000ITRI,42.8286,-116.5886,6.33,365
USR0000ITWI,42.6906,-115.1953,10.89,365
USR0000IWEI,44.8475,-116.4267,9.41,365
USR0000JEBF,39.5,-74.5,13.41,365
USR0000JENS,38.0333,-113.5167,10.73,365
USR0000JOES,39.3094,-111.3228,5.23,365
USR0000KALP,36.7956,-85.3803,15.49,365
USR0000KANE,37.5264,-109.8936,9.35,365
USR0000KBSN,37.75,-82.6333,14.77,365
USR0000KCIM,37.1408,-101.9003,13.06,352
USR0000KCRI,38.7692,-84.6019,13.3,365
USR0000KGRE,37.2672,-87.2028,14.87,365
USR0000KING,40.8606,-109.1022,8.84,365
USR0000KJAC,37.5922,-83.3178,14.55,365
USR0000KKOO,37.7689,-83.6333,14.17,365
USR0000KKYL,36.7764,-88.0631,15.08,365
USR0000KSOM,37.0556,-84.615,14.97,365
USR0000KSTA,38.1669,-98.5,12.57,365
USR0000KTAL,38.435,-96.5608,12.67,365
USR0000KTRI,38.175,-83.4083,13.83,365
USR0000KYEL,36.6036,-83.6961,15.22,337
USR0000LAVA,37.3917,-113.0389,6.06,365
USR0000LBBR,30.3167,-89.9333,19.87,365
USR0000LCAN,32.8042,-93.0667,18,365
USR0000LCAT,31.5022,-92.4617,19.13,365
USR0000LEVA,31.185,-92.6314,19.16,365
USR0000LGUM,31.9,-92.7672,19.1,365
USR0000LKIS,31.495,-93.1981,19.05,365
USR0000LOST,38.7708,-111.8625,7.34,365
USR0000LSAB,29.8881,-93.4039,21.32,365
USR0000LVER,31.0167,-93.1869,19.63,361
USR0000MAGA,48.5,-95.87,2.85,365
USR0000MANT,44.6867,-112.5417,2.97,363
USR0000MARM,47.5867,-108.8694,6.48,365
USR0000MASS,38.0667,-75.2014,14.96,365
USR0000MATL,39.8697,-92.5206,11.48,365
USR0000MAVA,36.9431,-92.65,14.42,365
USR0000MBAL,43.8933,-85.8506,7.16,361
USR0000MBAP,45.6481,-106.5008,6.67,365
USR0000MBAU,48.6703,-94.6172,3.34,365
USR0000MBCB,48.6333,-115.5833,5.08,365
USR0000MBDA,46.8608,-94.7258,3.49,365
USR0000MBEM,47.5033,-94.9281,3.69,365
USR0000MBEN,47.5,-112.9,2.41,365
USR0000MBIE,32.355,-89.4692,18.06,365
USR0000MBIG,45.0733,-107.8886,1.82,364
USR0000MBLA,38.4167,-76,15.07,365
USR0000MBLC,30.8489,-89.0342,19.68,362
USR0000MBLU,48.8719,-106.9456,3.11,365
USR0000MBOO,48.1333,-114.7167,4.17,365
USR0000MBRA,45.0553,-105.9483,6.59,365
USR0000MBRE,44.9667,-113.2167,3.64,365
USR0000MBRN,46.4006,-94.1272,4.62,365
USR0000MBRO,48.5617,-113.0133,4.26,365
USR0000MBRR,44.8019,-86.0508,7.02,365
USR0000MBSM,47.0167,-105.8167,5.45,365
USR0000MBSP,36.975,-91.0181,14.13,365
USR0000MBUD,31.4106,-90.8467,19.22,365
USR0000MCAN,46.4847,-104.0658,5.29,365
USR0000MCAR,37.1806,-91.1181,13.7,365
USR0000MCBT,47.8667,-115.625,7.6,353
USR0000MCCO,39.6339,-109.2658,8.23,365
USR0000MCHI,39.7683,-93.485,11.56,365
USR0000MCLI,38.3483,-93.7747,13.63,363
USR0000MCLK,47.3778,-94.615,3.84,365
USR0000MCON,47.5361,-113.7172,4.98,365
USR0000MCOP,31.9497,-90.3806,18.82,365
USR0000MCSA,45.3028,-93.1011,6.18,365
USR0000MDEE,46.0278,-114.0553,2.4,365
USR0000MDER,45.5842,-109.8517,4.48,364
USR0000MDET,46.8489,-95.8464,3.95,365
USR0000MDOE,46.2536,-86.7142,4.1,365
USR0000MDON,36.6269,-90.8239,14.82,365
USR0000MDPC,48.3556,-113.1139,3.64,365
USR0000MDRD,32.81,-90,18.9,365
USR0000MDRY,47.2442,-108.3575,7.03,365
USR0000MEFF,47.7794,-93.6461,2.94,365
USR0000MELY,47.8833,-91.8667,3.07,365
USR0000MENN,45.35,-111.7344,5.24,365
USR0000MEUR,48.9,-115.0167,6.75,365
USR0000MFAR,37.7617,-90,13.46,365
USR0000MFER,47.9461,-91.4947,2.94,365
USR0000MFIS,45.4581,-109.5714,6.13,365
USR0000MFOH,45.2969,-106.1614,6.39,365
USR0000MFOR,48.3042,-108.7189,5.73,364
USR0000MFOU,45.3333,-110.2167,4.87,365
USR0000MFRE,45.33,-112.9128,2.69,365
USR0000MGAL,46.2222,-112.2292,3.01,365
USR0000MGAT,47.7897,-112.9394,11.4,128
USR0000MGIN,46.3292,-111.5881,5.7,365
USR0000MGIR,46.1928,-113.9203,3.14,365
USR0000MGLE,47.8678,-112.6681,4.03,365
USR0000MH41,34.0903,-88.8647,17.34,365
USR0000MHCK,30.6153,-89.4133,19.87,337
USR0000MHEB,44.6678,-111.1006,2.02,362
USR0000MHEL,46.7186,-112.0017,5.3,365
USR0000MHHS,45.6453,-114.6278,1.53,361
USR0000MHIB,47.3919,-92.8347,3.41,365
USR0000MHIL,47.0375,-93.6042,3.55,365
USR0000MHOT,47.6156,-114.6694,6.59,365
USR0000MHUN,48.3847,-114.0575,5.53,365
USR0000MISA,47.6303,-91.4083,2.32,365
USR0000MITA,47.24,-95.19,3.73,364
USR0000MJET,47.7669,-114.2347,6.24,365
USR0000MKIN,47.7981,-107.0233,6.29,365
USR0000MKLL,47.9425,-94.455,3.27,365
USR0000MKNO,46.3117,-105.0222,5.89,365
USR0000MLIB,48.3833,-115.5667,7.01,365
USR0000MLIH,45.5697,-107.4358,7.78,320
USR0000MLIS,46.7511,-109.0233,4.19,365
USR0000MLIT,47.8139,-109.0167,6.26,365
USR0000MLNC,46.9681,-112.6353,3.84,365
USR0000MLRC,46.0378,-114.2625,5.69,365
USR0000MLTF,45.9514,-94.3444,5,365
USR0000MLTT,48.3894,-93.5642,3.32,365
USR0000MMAC,47.7028,-108.4786,5.99,364
USR0000MMAR,31.2114,-89.9225,19.16,365
USR0000MMCF,44.3769,-68.2608,7.11,365
USR0000MMEA,48.1197,-92.1589,3.32,365
USR0000MMED,48.49,-104.4761,4.06,365
USR0000MMIO,44.6761,-84.1283,5.93,365
USR0000MMIS,46.85,-114.05,6.28,365
USR0000MMLK,46.4203,-92.8008,4.02,365
USR0000MMOO,45.1144,-67.2819,6.44,361
USR0000MMOR,45.89,-93.2697,5.25,365
USR0000MMTV,37.0711,-93.8972,14.29,347
USR0000MNIN,47.0708,-114.4022,6.15,365
USR0000MOJI,48.1086,-88.5467,3.37,365
USR0000MORR,48.0189,-92.8572,3.43,365
USR0000MPAR,47.2697,-114.9161,5.84,365
USR0000MPHL,46.3167,-113.3,4.31,365
USR0000MPIN,46.7769,-104.5797,6.27,365
USR0000MPLN,47.45,-114.8667,7.68,365
USR0000MPOL,48.7825,-114.2803,3.85,365
USR0000MPOP,48.1269,-105.0731,4.64,365
USR0000MPPH,46.8353,-110.7175,-0.83,365
USR0000MPRY,45.3375,-108.4908,4.2,363
USR0000MRAC,46.25,-84.5833,4.3,361
USR0000MRCA,43.3472,-70.5475,8.76,365
USR0000MRED,44.6833,-111.8333,0.63,341
USR0000MROC,48.255,-109.7836,4.85,365
USR0000MROS,48.85,-95.7,2.87,365
USR0000MSAG,46.8436,-92.4617,3.82,365
USR0000MSAN,30.4528,-88.6617,20.24,365
USR0000MSEA,48.1,-90.9,2.66,365
USR0000MSEE,47.1828,-113.4472,3.92,351
USR0000MSEN,46.2403,-85.9428,4.96,365
USR0000MSHE,45.5325,-93.7503,5.48,365
USR0000MSIN,37.5014,-91.2594,13.15,365
USR0000MSMI,46.4394,-114.2272,5.17,365
USR0000MSOD,45.7289,-108.3967,7.07,363
USR0000MSQU,45.4511,-111.2189,4.44,365
USR0000MSSC,47.5619,-107.5286,6.33,365
USR0000MSTE,46.5131,-114.0911,6.43,360
USR0000MSTI,46.8536,-113.3939,4.93,365
USR0000MSTM,48.7375,-113.4305,3.82,365
USR0000MSTR,47.3108,-115.1097,6.65,365
USR0000MSTW,48.5394,-114.5594,4.47,365
USR0000MSUL,38.2339,-91.15,16.64,274
USR0000MTHO,47.5806,-115.285,7.35,365
USR0000MTIM,45.1569,-109.3606,2.83,365
USR0000MTPT,45.9347,-113.7383,3.9,365
USR0000MTRY,48.4667,-115.9167,7.42,365
USR0000MUDS,39.7986,-112.2722,8.61,365
USR0000MWAT,46.2689,-89.17,3.99,365
USR0000MWAU,31.5242,-88.8889,18.85,353
USR0000MWDO,47.9117,-89.1547,3.84,365
USR0000MWEF,45.8181,-114.2631,5.72,365
USR0000MWEG,48.5106,-113.9942,5.28,365
USR0000MWHH,45.8833,-112.15,5.98,365
USR0000MWIC,45.2706,-110.5433,2.29,365
USR0000MWIN,34.6203,-89.3142,16.34,365
USR0000MWIS,45.7833,-112.9333,2.27,348
USR0000MWOL,45.3131,-107.1719,5.98,364
USR0000MWSS,46.5344,-110.8853,4.49,365
USR0000MYAA,48.9167,-115.6567,4.33,365
USR0000MYEL,45.1672,-111.3508,-0.67,365
USR0000NAGA,42.425,-103.7358,6.27,365
USR0000NALL,39.7369,-115.5181,8.26,365
USR0000NANT,41.6847,-116.7644,8.06,365
USR0000NARR,47.2667,-98.8667,3.76,365
USR0000NAUS,39.5031,-117.0814,9.07,365
USR0000NBAC,34.5328,-77.7219,17.58,365
USR0000NBAR,41.9111,-119.9389,7.1,365
USR0000NBEA,40.5583,-116.7583,11.26,365
USR0000NBES,41.8975,-100.3108,8.68,365
USR0000NBFT,35.5206,-76.9314,17.42,365
USR0000NBLU,40.5017,-119.1217,10.24,365
USR0000NBUF,40.5819,-119.79,11.84,365
USR0000NBUS,35.7694,-82.1917,12.04,365
USR0000NCAS,36.3856,-79.2919,15.66,365
USR0000NCAT,41.92,-119.495,7.39,365
USR0000NCCP,38.9036,-114.8142,6.06,365
USR0000NCED,39.7569,-114.1658,7.56,365
USR0000NCHE,35.3333,-83.8167,14.75,365
USR0000NCOI,39.8333,-116.4917,6.73,365
USR0000NCOM,39.3814,-116.175,8.02,365
USR0000NCRA,40.4597,-115.85,7.73,365
USR0000NCRE,41.7611,-102.4378,8.4,365
USR0000NCRN,34.7833,-76.8667,18.2,365
USR0000NCRO,48.9681,-104.0022,3.11,364
USR0000NCUR,38.7586,-115.4128,11.1,365
USR0000NCYW,38.2833,-114.7583,10.03,365
USR0000NDEA,39.2636,-118.9433,11.78,365
USR0000NDES,39.3011,-117.5844,7.92,365
USR0000NDEV,47.9853,-98.9075,3.67,365
USR0000NDRY,41.4917,-119.1167,9.55,365
USR0000NDSS,39.6725,-119.77,11.91,322
USR0000NDUK,35.9667,-79.0917,16.25,365
USR0000NFAI,35.5417,-76.2231,18.03,365
USR0000NFBR,35.1397,-79.0644,17.71,365
USR0000NFIS,38.9361,-119.6519,10.59,365
USR0000NFOX,41.0061,-119.5681,6.38,365
USR0000NGAL,39.3817,-119.815,9.49,365
USR0000NGAN,42.1,-77.1,9.07,365
USR0000NGRC,36.0175,-76.8917,17.05,365
USR0000NGRF,35.7564,-82.0439,14.74,365
USR0000NGUI,35.2133,-82.59,13.63,365
USR0000NHAM,48.5281,-98.6236,2.43,365
USR0000NHIG,35.0836,-83.2178,12.25,365
USR0000NHOF,34.825,-77.3219,17.51,365
USR0000NIMM,37.9214,-114.1597,10.09,365
USR0000NJCL,48.37,-100.43,3.33,365
USR0000NJCY,35.3167,-82.2,14.14,365
USR0000NJUN,41.0819,-119.7772,9.41,365
USR0000NKAN,37.2506,-114.7075,16.22,365
USR0000NKIN,42.7239,-102.9714,7.91,365
USR0000NKYL,36.2667,-115.6,9.93,365
USR0000NLEX,35.7922,-80.312,16.06,365
USR0000NLIT,39.2444,-119.8808,5.82,365
USR0000NLON,41.5386,-116.2175,8.05,365
USR0000NLOS,48.6333,-102.4,3.03,362
USR0000NLPT,37.8547,-109.8389,5.79,365
USR0000NMAT,39.0228,-114.2722,5.29,365
USR0000NMOR,41.4558,-117.6333,9.77,365
USR0000NMOU,36.0306,-115.5167,12.27,365
USR0000NMTI,35.3789,-80.9925,16.3,365
USR0000NNAC,34.0483,-78.2903,17.92,365
USR0000NNCP,35.8167,-81.9372,13.91,365
USR0000NNWB,35.0967,-77.1108,18.21,365
USR0000NORW,40.6517,-111.0519,3.37,365
USR0000NPAN,38.3036,-116.1925,10.39,365
USR0000NPOC,35.7469,-76.5108,17.17,365
USR0000NRCK,34.96,-79.69,17.87,365
USR0000NREB,39.9833,-117.3167,10.06,365
USR0000NREN,36.2275,-81.2975,14.48,365
USR0000NRER,36.1353,-115.4272,16.64,365
USR0000NROC,41.6431,-114.4375,6.43,365
USR0000NRUB,40.1731,-115.4855,7.4,365
USR0000NRUT,35.4286,-81.9394,15.89,365
USR0000NSAR,43.0078,-73.6511,8.64,359
USR0000NSCH,43.8,-73.7,6.84,365
USR0000NSCK,46.5456,-103.5183,5.3,365
USR0000NSCO,41.8167,-103.7,8.99,359
USR0000NSHR,42.7,-75.5,8.16,355
USR0000NSHY,46.4658,-97.3161,5.82,344
USR0000NSIA,40.3944,-117.625,10.19,365
USR0000NSND,34.6119,-77.4875,18.05,363
USR0000NSPG,40.5931,-114.2028,9.57,365
USR0000NSPM,40.4403,-114.8111,7.95,365
USR0000NSTA,41.5178,-115.3928,6.16,365
USR0000NSTO,41.5,-73.9,10.79,365
USR0000NSUN,34.0028,-77.9581,18.78,365
USR0000NTEX,41.8017,-118.4508,7.98,365
USR0000NTUR,34.6831,-78.5817,17.86,365
USR0000NTUS,35.04,-84.06,14.99,365
USR0000NUWH,35.3667,-79.8667,16.46,365
USR0000NVAL,42.4839,-100.5231,8,362
USR0000NWAT,47.7803,-103.2867,5.1,365
USR0000NWAY,35.1667,-83.4031,14.56,365
USR0000NWHI,34.3361,-78.7286,18.3,365
USR0000NWMT,43.9806,-71.1406,7.13,365
USR0000OAGN,42.5522,-124.0578,12.9,365
USR0000OALL,43.9247,-119.5944,5.05,365
USR0000OANT,44.0397,-118.4164,5.14,364
USR0000OBAD,44.03,-120.4,5.56,365
USR0000OBAL,43.5556,-118.4042,7.18,365
USR0000OBAS,42.2547,-118.9792,9.25,365
USR0000OBKL,42.7,-124.0333,8.94,365
USR0000OBLA,43.5233,-121.8133,6.71,365
USR0000OBLU,44.67,-117.9336,7.2,365
USR0000OBOC,44.5933,-119.2778,6.85,365
USR0000OBOH,44.6056,-120.6833,7.93,340
USR0000OBOU,44.7219,-122.0031,6.65,364
USR0000OBRB,34.05,-94.7372,18.54,307
USR0000OBRI,44.3231,-119.7669,5.91,365
USR0000OBRO,43.5611,-120.2486,7.5,365
USR0000OBRU,44.2844,-122.8494,10.09,365
USR0000OBUE,43.0361,-122.6553,10.73,365
USR0000OBUS,42.1197,-122.5633,12,365
USR0000OCAB,43.5,-121.05,6.13,365
USR0000OCAI,42.6314,-121.5597,5.46,365
USR0000OCAL,42.7778,-123.7294,8.8,365
USR0000OCAN,44.3489,-123.8853,9.38,365
USR0000OCAS,44.9711,-118.9297,7.51,365
USR0000OCED,45.2117,-123.7719,8.86,365
USR0000OCHI,42.5769,-121.8936,7.85,365
USR0000OCHL,39.3858,-82.985,12.86,365
USR0000OCIN,43.3208,-122.1067,6.65,365
USR0000OCOD,44.35,-120.13,5.8,365
USR0000OCOL,44.3158,-121.6056,7,365
USR0000OCRA,44.1667,-118.4667,4.16,365
USR0000OCRO,43.8333,-118.95,5.09,365
USR0000ODUN,43.9578,-124.1197,11.03,365
USR0000OEAG,45.3686,-122.3311,11.01,340
USR0000OECK,44.7578,-117.9711,4.02,365
USR0000OEDE,45.9267,-117.5883,8.21,365
USR0000OEMI,43.4675,-122.2175,9.59,365
USR0000OEVA,42.5978,-123.1033,10.73,365
USR0000OFAL,44.2939,-119.0333,5.45,365
USR0000OFIE,43.6806,-122.3019,9.35,365
USR0000OFIN,44.4183,-123.3253,11.74,365
USR0000OFIS,42.4722,-119.1783,8.66,365
USR0000OFLA,44.8142,-117.7289,8.23,365
USR0000OFOR,43.425,-120.8417,7.26,365
USR0000OFOS,42.9736,-119.2461,6.5,365
USR0000OGAD,43.4158,-122.5772,10,365
USR0000OGER,42.2056,-121.1389,7.96,365
USR0000OGOO,43.9281,-123.8903,10.2,365
USR0000OGRM,42.6261,-117.395,9.33,365
USR0000OHAR,45.3192,-116.8675,5.04,349
USR0000OHAY,44.4503,-121.13,8.87,365
USR0000OHEH,44.9661,-121.4908,8.05,365
USR0000OHIG,43.9064,-123.3794,9.6,365
USR0000OHOR,44.9406,-122.4003,8.07,365
USR0000OHOY,42.9764,-121.4219,6.46,365
USR0000OILL,42.1039,-123.6853,11.45,365
USR0000OJRI,45.1139,-118.4039,6.58,365
USR0000OKE2,44.6661,-118.9208,6.76,365
USR0000OKEL,43.9014,-117.9858,7.22,364
USR0000OKIA,34.7558,-94.9831,14.46,365
USR0000OLAG,45.5528,-118.0119,8.7,365
USR0000OLMC,42.7081,-118.51,9.42,360
USR0000OLOG,45.51,-121.9031,7.63,365
USR0000OMER,42.4947,-123.3972,11.96,365
USR0000OMET,44.6275,-121.6147,8.32,365
USR0000OMID,45.5833,-121.5833,8.37,365
USR0000OMLL,46.0228,-123.2711,9.31,327
USR0000OMOO,42.8597,-118.6706,6.77,365
USR0000OMOR,44.5167,-117.2833,8.49,365
USR0000OMOU,42.9372,-122.4353,8.92,365
USR0000OMTW,45.03,-121.6278,6.16,365
USR0000OMTY,43.6389,-123.3258,10.23,365
USR0000OMUT,44.9258,-121.1944,7.64,365
USR0000ONPR,45.0375,-120.5306,8.43,365
USR0000OOWY,43.5833,-117.2333,9.16,365
USR0000OPAR,42.1058,-122.2781,8.24,364
USR0000OPAT,45.3222,-120.925,9.92,365
USR0000OPEB,44.2333,-121.9833,7.38,365
USR0000OPHI,42.8264,-118.9361,8.34,365
USR0000OPO2,45.3547,-117.7044,4.14,365
USR0000OPOL,45.4586,-121.4464,7.45,365
USR0000OPRO,42.2897,-123.2303,11.29,365
USR0000OQUA,42.2167,-124.0333,10.87,365
USR0000ORCK,44.925,-123.4694,10.2,365
USR0000OREB,45.0275,-121.9211,6.99,365
USR0000ORED,43.5361,-117.8347,7.83,365
USR0000OREM,42.1233,-124.3006,12.36,365
USR0000ORID,43.1006,-118.4981,6.64,365
USR0000OROB,45.6817,-117.2064,7.13,365
USR0000OROC,42.5475,-119.6564,7.27,365
USR0000OROU,43.7639,-121.7167,5.3,364
USR0000ORYE,45.2172,-123.5356,8.92,365
USR0000OSAG,43.5097,-119.2925,7.41,365
USR0000OSAL,44.0444,-120.6661,8.2,365
USR0000OSEL,42.4075,-122.1914,6.37,365
USR0000OSFK,45.5906,-123.4761,8.68,356
USR0000OSIG,43.0019,-123.7803,8.64,364
USR0000OSIL,42.8589,-123.3783,8.48,365
USR0000OSLI,44.4625,-120.2944,4.88,365
USR0000OSPA,44.9083,-117.375,7.31,365
USR0000OSQU,42.0667,-123.0167,8.86,365
USR0000OSTR,42.1894,-120.8464,6.99,365
USR0000OSUG,43.6728,-122.6564,8.03,364
USR0000OSUM,42.2322,-120.2456,6.88,365
USR0000OTIL,45.4569,-123.8031,11.07,331
USR0000OTIM,43.2433,-121.3583,5.06,365
USR0000OTOK,43.2397,-122.4,8.24,365
USR0000OTRO,44.1111,-122.575,9.98,365
USR0000OTTE,41.7533,-111.2806,4.63,365
USR0000OTUM,44.0494,-121.4003,7.54,344
USR0000OTUP,45.0708,-119.49,7.31,365
USR0000OUMA,45.9167,-119.5667,11.5,365
USR0000OVIL,44.2525,-123.4639,10.47,365
USR0000OWAG,43.34,-119.8814,5.19,365
USR0000OWAM,45.2406,-121.453,8.28,365
USR0000OWAN,45.1094,-122.1953,6.53,313
USR0000OWAS,45.61,-121.33,8.15,334
USR0000OWIC,34.7744,-98.7458,16.06,365
USR0000OWIL,44.3325,-123.7164,9.79,365
USR0000OYEL,44.5922,-122.4278,8.93,361
USR0000OYLP,44.5264,-118.3231,6.29,365
USR0000OZAL,39.2753,-82.385,12.35,365
USR0000PALL,41.4864,-79.1025,8.69,365
USR0000PLGV,40.4311,-111.75,11.09,365
USR0000RAYS,40.1178,-111.2747,6.17,365
USR0000RNIN,41.35,-71.65,10.55,365
USR0000ROSE,41.6097,-113.5906,8.67,365
USR0000SAND,39.7136,-109.4461,8.16,365
USR0000SANP,34.8117,-83.125,15.87,365
USR0000SBAK,43.9792,-103.425,6.02,365
USR0000SBEA,45.0572,-101.4767,5.46,365
USR0000SCAR,34.6619,-80.2742,17.9,365
USR0000SCUS,43.75,-103.6333,5.25,365
USR0000SELK,43.5608,-103.4914,7.7,365
USR0000SEVI,39.35,-112,10.69,365
USR0000SFOP,44.1153,-100.3014,6.31,364
USR0000SIGN,38.6319,-112.0611,6.27,365
USR0000SMAG,43.3181,-101.1444,7.53,365
USR0000SMRU,43.875,-103.4583,6.95,365
USR0000SNEM,44.1917,-103.5097,4.47,365
USR0000SPIN,43.29,-102.2711,7.05,356
USR0000SPNN,43.8822,-102.2042,6.98,364
USR0000SRED,43.4258,-103.7589,7.31,365
USR0000SSAV,32.1,-81.0833,20.22,365
USR0000SSV1,33.3622,-81.6836,19.3,365
USR0000SSV2,33.2106,-81.5906,18.57,365
USR0000SWHI,34.6333,-81.6,17.05,365
USR0000SWIT,33.1597,-79.8306,18.79,365
USR0000TANA,29.6692,-94.4383,20.62,365
USR0000TARA,28.25,-96.75,21.7,365
USR0000TATH,32.2211,-95.7661,19.07,365
USR0000TATT,29.6617,-96.2597,20.48,365
USR0000TBAR,30.9856,-101.1578,17.83,365
USR0000TBAS,30.1742,-97.2564,20.24,365
USR0000TBEL,30.5661,-98.0389,19.6,365
USR0000TBIG,36.475,-84.6542,13.76,365
USR0000TBIR,30.2625,-98.6289,19.33,365
USR0000TBLE,35.6819,-85.2733,14.38,365
USR0000TBRA,29.1417,-95.2917,21.2,365
USR0000TBUR,36.065,-87.2831,15.7,365
USR0000TCAD,32.6583,-94.1164,17.83,365
USR0000TCAM,36.0661,-88.1686,16.12,365
USR0000TCDD,33.7411,-95.9219,17.36,365
USR0000TCED,35.6667,-101.5667,14.72,365
USR0000TCHE,35.6197,-83.2069,12.61,365
USR0000TCHI,29.2667,-103.3,18.2,365
USR0000TCHU,36.3689,-83.8986,15.19,365
USR0000TCLA,33.6189,-95.1667,17.86,365
USR0000TCLD,30.3106,-95.0867,19.69,365
USR0000TCLM,31.5061,-99.6594,19.22,365
USR0000TCOK,36.28,-84.275,15,362
USR0000TCOL,31.0522,-98.5003,19.26,365
USR0000TCON,30.2364,-95.4828,20.51,365
USR0000TDAY,30.105,-94.9314,20.37,365
USR0000TELE,37.2,-112.025,11.1,365
USR0000TFAL,26.5547,-99.1356,24.32,365
USR0000TGEO,28.3667,-98.1167,22.23,365
USR0000TGIL,32.7017,-94.9447,18.46,365
USR0000TGRE,33.0353,-96.1639,18.21,365
USR0000TGUA,31.925,-104.8253,11.08,365
USR0000THAM,36.2572,-83.2772,15.65,364
USR0000THEN,32.15,-94.8,18.62,365
USR0000THMB,32.5,-99.6167,18,365
USR0000THUN,30.45,-95.4,19.57,365
USR0000TIND,35.6236,-83.8083,15.22,365
USR0000TKIR,30.4333,-93.8833,19.75,356
USR0000TLAG,26.2283,-97.3483,23.41,365
USR0000TLBJ,33.1728,-97.3756,18.32,365
USR0000TLEW,35.3817,-86.7658,16.3,365
USR0000TLGR,29.9075,-96.86,20.46,365
USR0000TLIN,26.535,-98.0858,23.53,365
USR0000TLND,33,-94.8,18.22,365
USR0000TLRG,26.0839,-98.1369,23.92,365
USR0000TLUF,31.3131,-94.8261,19.21,365
USR0000TMAA,34.1333,-100.4167,16.75,365
USR0000TMAS,30.7358,-99.1861,19.31,365
USR0000TMCF,29.7,-94.1167,20.79,365
USR0000TMEI,35.5208,-84.7931,15.91,219
USR0000TMER,35.3208,-87.4578,15.78,365
USR0000TMID,32,-102,18.49,361
USR0000TMIL,33.4136,-99.4006,17.64,365
USR0000TOMB,37.8167,-112.1167,5.73,365
USR0000TPAL,31.7425,-95.5717,18.92,365
USR0000TPAN,29.3167,-103.2,20.69,365
USR0000TPIN,31.8944,-104.7978,16.37,365
USR0000TPOS,32.85,-98.55,18.92,354
USR0000TPRE,35.1303,-85.4278,15.41,365
USR0000TRAT,31.395,-95.1361,19.23,365
USR0000TSAB,28.8647,-95.5678,21.47,365
USR0000TSBS,31.2803,-93.8386,19.09,363
USR0000TSHI,35.155,-88.3217,16.83,365
USR0000TSOU,30.5403,-94.3411,19.25,365
USR0000TTEX,33.3739,-94.0456,17.57,365
USR0000TULE,39.35,-113.3847,12.01,365
USR0000TVIC,28.8461,-96.9217,21.28,365
USR0000TWES,35.84,-84.3308,16.09,365
USR0000TWOO,30.75,-94.4,19.8,365
USR0000UPRC,39.4678,-109.2836,5.64,365
USR0000VASH,37.9864,-79.7594,12.75,365
USR0000VBAC,36.6833,-75.9333,16.68,318
USR0000VCRA,37.5222,-80.0797,12.39,365
USR0000VELM,44.5431,-72.5294,5.98,332
USR0000VERN,40.0989,-112.4269,8.64,365
USR0000VESS,44.5078,-73.1156,7.77,365
USR0000VFVA,38.8333,-78.4,12.71,365
USR0000VGDR,36.6128,-76.5542,16.25,365
USR0000VJAM,37.25,-77.25,16.47,365
USR0000VNUL,44.77,-71.7017,4.94,365
USR0000VSWE,43.3333,-73.0333,7.72,360
USR0000VVIE,37.8325,-81.0678,12.1,361
USR0000WABE,46.35,-123.1,7.54,365
USR0000WALD,46.2733,-117.495,7.46,365
USR0000WAND,42.4372,-108.9408,2.49,365
USR0000WANT,45.15,-89.15,4.91,365
USR0000WAUG,44.6981,-91.1342,6.54,365
USR0000WBAR,46.4,-91.5,4.47,365
USR0000WBEA,44.5972,-104.4275,5.36,365
USR0000WBEC,44.15,-111.0467,3.39,360
USR0000WBLA,47.4136,-124.1031,9.17,356
USR0000WBRF,44.3003,-90.835,6.45,365
USR0000WBRO,48.5353,-118.6889,5.33,365
USR0000WBUH,43.8397,-110.3708,2.45,365
USR0000WBUR,44.7853,-107.5347,1.09,365
USR0000WCA4,48.0181,-120.2342,7.71,365
USR0000WCAM,42.3458,-107.5528,5.18,365
USR0000WCAN,45.9167,-122.1667,8.43,365
USR0000WCAR,46.3075,-122.9047,10.77,365
USR0000WCAS,42.7131,-106.3461,3.75,357
USR0000WCEC,48.9797,-117.6747,4.51,356
USR0000WCNW,46.8814,-119.3242,10.61,365
USR0000WCOU,47.9167,-123.1172,7.78,365
USR0000WCOW,41.2708,-107.5819,5.6,365
USR0000WCRA,44.8503,-109.6114,3.09,365
USR0000WDDG,43.1,-90,7.74,365
USR0000WDEE,48.8019,-117.6103,6.92,365
USR0000WDEV,44.5817,-104.7194,5.38,365
USR0000WDIR,48.1156,-120.1031,6.99,365
USR0000WDOD,41.9675,-105.5194,4.43,365
USR0000WDOU,47.62,-119.8983,7.45,356
USR0000WDRC,45.9444,-121.9864,8.35,365
USR0000WDRY,47.7333,-120.5333,6.66,365
USR0000WEAG,44.4856,-109.8964,2.86,365
USR0000WECH,44.4667,-105.8461,6.72,365
USR0000WELL,48.1578,-124.315,7.11,365
USR0000WELR,46.3522,-122.6058,7.45,365
USR0000WESC,47.0378,-117.9472,10.02,365
USR0000WEST,42.4153,-105.3611,5.82,365
USR0000WFIN,48.4028,-121.7903,7.63,365
USR0000WFIR,48.6172,-120.1075,4.47,365
USR0000WFLO,48.2975,-117.4039,6.47,365
USR0000WFTA,47.4536,-121.6658,8.95,365
USR0000WGLI,46.14,-90,4.16,365
USR0000WGOH,48.2,-121.5,6.58,365
USR0000WGOL,48.1806,-118.4636,5.51,359
USR0000WGRE,45.9917,-121.0833,7.02,365
USR0000WGRN,47.1556,-121.6114,8.15,365
USR0000WHAG,46.5667,-121.6306,6.08,365
USS0003E03S,44.11,-103.98,3.03,365
USS0003E05S,44.21,-103.79,4.31,365
USS0004E07S,44.49,-104.41,4.56,365
USS0005G04S,42.44,-105.86,2.04,364
USS0005G05S,42.28,-105.58,2.77,356
USS0005H02S,41.23,-105.38,4.46,363
USS0005J04S,40.4,-105.85,1.15,365
USS0005J05S,40.2,-105.6,2.6,365
USS0005J06S,40.81,-105.77,-0.02,363
USS0005J08S,40.03,-105.58,0.76,365
USS0005J10S,40.41,-105.82,-0.83,365
USS0005J11S,40.58,-105.63,2.27,364
USS0005J12S,40.23,-105.92,2.59,363
USS0005J18S,40.21,-105.57,4.3,365
USS0005J27S,40.51,-105.77,-0.72,364
USS0005J28S,40.89,-105.66,3.11,362
USS0005J37S,40.53,-105.89,0.45,364
USS0005J39S,40.31,-105.64,2.96,365
USS0005J40S,40.43,-105.73,-0.8,365
USS0005J41S,39.94,-105.59,2.94,364
USS0005J42S,40.04,-105.54,1.72,362
USS0005J45S,40.14,-105.59,2.05,365
USS0005J46S,40.04,-105.75,0.76,365
USS0005K05S,39.67,-105.9,-0.88,364
USS0005K09S,39.65,-105.87,-0.06,365
USS0005K14S,39.8,-105.78,-0.29,365
USS0005K21S,39.76,-105.91,0.35,365
USS0005K26S,39.57,-105.8,0.66,365
USS0005K27S,39.66,-105.59,1.27,363
USS0005K28S,39.44,-105.91,0.91,364
USS0005K30S,39.87,-105.87,-0.64,365
USS0005L11S,38.88,-105.07,0.71,363
USS0005L12S,38.29,-105.85,1.03,363
USS0005M03S,37.21,-105.2,1.47,365
USS0005M07S,37.33,-105.07,4.45,364
USS0005M08S,37.35,-105.23,2.29,365
USS0005M13S,37.97,-105.54,1.31,365
USS0005M14S,37.21,-105.12,2.87,364
USS0005M16S,37.85,-105.44,3.74,363
USS0005M17S,37.61,-105.37,1.07,365
USS0005N04S,36.13,-105.53,5.66,365
USS0005N11S,36.7,-105.34,4.04,365
USS0005N13S,36.41,-105.33,5.42,365
USS0005N14S,36.58,-105.46,1.84,365
USS0005N16S,36.99,-105.26,2.47,364
USS0005N18S,36.19,-105.56,5.22,365
USS0005N19S,36.47,-105.19,0.33,175
USS0005N23S,36.79,-105.24,3.9,365
USS0005N24S,36.07,-105.63,3.38,365
USS0005P04S,35.7,-105.81,6.39,365
USS0005P08S,35.78,-105.54,2.63,365
USS0005P09S,35.77,-105.78,1.95,365
USS0005R01S,33.4,-105.79,6.14,365
USS0006E03S,44.26,-106.98,2.34,365
USS0006G01S,42.73,-106.32,2.45,365
USS0006G02S,42.57,-106.09,1.93,365
USS0006H09S,41.16,-106.93,1.61,364
USS0006H10S,41.15,-106.97,0.62,365
USS0006H13S,41.36,-106.23,2.68,310
USS0006H19S,41.33,-106.5,3.03,365
USS0006H20S,41.33,-106.38,-0.37,365
USS0006H22S,41,-106.91,0.52,339
USS0006H23S,41.46,-106.28,-0.52,348
USS0006H24S,41.24,-106.23,0.76,364
USS0006H25S,41.07,-106.94,2.2,365
USS0006H26S,41.06,-106.71,0.54,363
USS0006H27S,41.38,-106.35,-0.86,363
USS0006J01S,40.53,-106.78,3.27,365
USS0006J03S,40.39,-106.6,1.48,364
USS0006J05S,40.35,-106.09,-0.15,365
USS0006J06S,40.08,-106.67,-1.59,248
USS0006J08S,40.35,-106.38,-0.76,364
USS0006J09S,40.37,-106.74,1.62,363
USS0006J12S,40.88,-106.05,0.96,364
USS0006J15S,40.85,-106.97,2.91,365
USS0006J18S,40.23,-106.6,0.7,365
USS0006J19S,40.79,-106.6,-1.49,269
USS0006J20S,40.71,-106.01,2.09,365
USS0006J27S,40.4,-105.96,-1.19,364
USS0006J29S,40.54,-106.68,-0.53,364
USS0006J38S,40.82,-106.75,3.27,364
USS0006K01S,39.36,-106.06,-0.48,365
USS0006K04S,39.08,-106.61,-0.75,365
USS0006K06S,39.3,-106.61,1.84,365
USS0006K08S,39.38,-106.2,-0.74,365
USS0006K10S,39.29,-106.55,0.44,365
USS0006K12S,39.8,-106.03,1.89,365
USS0006K14S,39.72,-106.16,1.79,365
USS0006K16S,39.3,-106.11,0.88,365
USS0006K24S,39.49,-106.17,0.01,364
USS0006K29S,39.86,-106.42,1.25,361
USS0006K30S,39.32,-106.61,1.04,365
USS0006K39S,39.62,-106.38,1.76,365
USS0006K40S,39.09,-106.54,-0.28,365
USS0006K43S,39.03,-106.08,1.95,364
USS0006K44S,39.6,-106.54,3.37,365
USS0006K45S,39.6,-106.51,3.32,364
USS0006K46S,39.26,-106.63,-0.07,365
USS0006L02S,38.82,-106.59,0.38,365
USS0006L03S,38.49,-106.34,-0.55,362
USS0006L05S,38.7,-106.37,0.58,364
USS0006L06S,38.16,-106.6,2.03,365
USS0006L11S,38.89,-106.95,2.17,363
USS0006L13S,38.29,-106.37,-0.09,365
USS0006L14S,38.99,-106.75,-0.12,365
USS0006M03S,37.49,-106.84,0.86,353
USS0006M17S,37.48,-106.8,2.06,364
USS0006M21S,37.47,-106.54,0.32,364
USS0006M22S,37.02,-106.45,2.19,365
USS0006M23S,37.38,-106.55,2.1,365
USS0006M26S,37.97,-106.56,1.61,365
USS0006N03S,36.96,-106.66,4.8,364
USS0006N04S,36.51,-106.32,4.5,365
USS0006N14S,36.72,-106.26,3.8,365
USS0006N15S,36.86,-106.23,3.28,365
USS0006N16S,36.03,-106.81,4.74,364
USS0006P01S,35.92,-106.39,5.2,139
USS0006P10S,36,-106.83,3.7,325
USS0007E05S,44.35,-107.01,1.88,365
USS0007E06S,44.16,-107.13,0.26,365
USS0007E12S,44.72,-107.4,0.42,365
USS0007E18S,44.68,-107.58,0.29,365
USS0007E21S,44.8,-107.84,-0.07,364
USS0007E23S,44.5,-107.43,-0.61,365
USS0007E32S,44.58,-107.2,2.71,365
USS0007E33S,44.79,-107.53,1.7,365
USS0007E34S,44.57,-107.3,1.53,365
USS0007E36S,44.4,-107.06,0.34,365
USS0007E39S,44.81,-107.41,3.28,365
USS0007E40S,44.54,-107.18,2.47,365
USS0007F01S,43.89,-107.06,2.58,365
USS0007F02S,43.63,-107.18,3.27,365
USS0007F06S,43.47,-107.24,2,365
USS0007H03S,41.11,-107.17,3.68,365
USS0007H04S,41.05,-107.27,4.09,365
USS0007H05S,41.3,-107.15,3.52,365
USS0007H06S,41.4,-107.26,4.37,362
USS0007J03S,40.06,-107.01,1.52,363
USS0007J04S,40.17,-107.06,2.7,365
USS0007J05S,40.11,-107.29,0.37,365
USS0007K01S,39.08,-107.14,2.71,365
USS0007K02S,39.88,-107.6,2.7,365
USS0007K06S,39.05,-107.87,0.5,365
USS0007K09S,39.13,-107.29,4.34,365
USS0007K11S,39.02,-107.05,0,365
USS0007K12S,39.76,-107.36,-0.63,365
USS0007K13S,40,-107.24,2.28,365
USS0007K14S,39.09,-107.63,1.06,364
USS0007M05S,37.65,-107.81,3.99,364
USS0007M11S,37.7,-107.78,1.82,365
USS0007M12S,37.75,-107.69,0.65,365
USS0007M14S,37.85,-107.73,0.53,365
USS0007M16S,37.72,-107.26,1.77,364
USS0007M21S,37.62,-107.03,0.57,365
USS0007M27S,37.93,-107.68,1.62,364
USS0007M29S,37.8,-107.92,1.23,364
USS0007M30S,37.99,-107.2,0.43,365
USS0007M31S,37.49,-107.51,2.54,365
USS0007M32S,37.71,-107.51,-0.29,365
USS0007M33S,37.89,-107.71,-0.38,365
USS0007M34S,37.48,-107.63,0.58,365
USS0007M35S,37.66,-107.8,4.86,365
USS0007M36S,37.52,-107.32,1.74,365
USS0007M37S,37.88,-107.36,0.68,365
USS0007S03S,33.01,-107.87,7.88,364
USS0007S04S,33.36,-107.83,9.38,365
USS0008F01S,43.66,-109.01,2.38,365
USS0008G03S,42.57,-108.84,1.07,365
USS0008G07S,42.7,-108.9,2.24,365
USS0008G10S,42.59,-108.9,0.24,365
USS0008K04S,39.06,-108.06,1.63,364
USS0008L02S,38.42,-108.38,4.07,347
USS0008M02S,37.43,-108.17,4.33,365
USS0008M04S,37.5,-108.11,2.56,365
USS0008M06S,37.79,-108.02,1.43,365
USS0008M07S,37.89,-108.2,2.1,365
USS0008M08S,37.65,-108.01,2.21,364
USS0008M10S,37.44,-108.02,0.34,339
USS0008M12S,37.79,-108.18,0.14,365
USS0008N03S,36.18,-108.95,6.01,362
USS0008P03S,35.23,-108.27,6.6,365
USS0008S01S,33.74,-108.95,5.47,246
USS0008S08S,33.37,-108.71,6.42,365
USS0008T01S,32.92,-108.15,9.65,365
USS0009A01S,48.17,-109.65,3.19,364
USS0009C01S,46.79,-109.51,1.85,365
USS0009D06S,45.06,-109.94,-1.19,365
USS0009D08S,45.05,-109.91,0.2,365
USS0009D16S,45.19,-109.35,1.85,364
USS0009D21S,45.24,-109.46,4.4,365
USS0009E03S,44.03,-109.18,2.68,365
USS0009E07S,44.73,-109.91,-0.05,360
USS0009E08S,44.8,-109.66,2.96,365
USS0009E09S,44.3,-109.24,2.04,365
USS0009E10S,44.94,-109.57,-0.51,365
USS0009E11S,44.65,-109.78,1.19,365
USS0009E13S,44.38,-109.79,-0.96,365
USS0009F04S,43.7,-109.67,2.04,365
USS0009F08S,43.5,-109.75,1.27,365
USS0009F18S,43.93,-109.82,0.48,132
USS0009F20S,43.67,-109.38,1.05,365
USS0009F21S,43.11,-109.95,0.4,364
USS0009F23S,43.01,-109.76,1.38,365
USS0009F24S,43.86,-109.32,0.16,365
USS0009F25S,43.28,-109.45,1.6,365
USS0009F27S,43.03,-109.17,2.66,365
USS0009F28S,43.38,-109.88,-0.97,365
USS0009G03S,42.87,-109.09,0.79,365
USS0009G06S,42.58,-109.09,2.86,365
USS0009G09S,42.65,-109.26,0.52,365
USS0009G11S,42.71,-109.41,0.7,365
USS0009J01S,40.72,-109.54,2.31,365
USS0009J05S,40.61,-109.89,0.64,365
USS0009J08S,40.91,-109.96,1.23,364
USS0009J16S,40.74,-109.67,2.3,365
USS0009K01S,39.31,-109.53,3.64,365
USS0009L01S,38.48,-109.29,5.07,365
USS0009L03S,38.48,-109.27,3.5,365
USS0009M01S,37.87,-109.45,4.19,365
USS0009M02S,37.81,-109.49,5.7,365
USS0009N05S,36.33,-109.06,5.64,365
USS0009S01S,33.98,-109.5,5.76,365
USS0009S02S,33.92,-109.46,5.86,365
USS0009S04S,33.9,-109.16,7.62,364
USS0009S06S,33.69,-109.22,7.45,365
USS0009S07S,33.8,-109.15,6.93,365
USS0009S11S,33.65,-109.31,5.99,345
USS0009S18S,33.76,-109.48,8.07,365
USS0010C03S,46.11,-110.47,3.34,365
USS0010C06S,46.78,-110.62,0.19,365
USS0010C08S,46.09,-110.43,0.88,364
USS0010C09S,46.79,-110.68,1.19,365
USS0010C15S,46.67,-110.33,0.35,364
USS0010C22S,46.91,-110.85,-0.18,365
USS0010C23S,46.93,-110.9,0.05,364
USS0010C27S,46.48,-110.71,1.92,365
USS0010D07S,45.01,-110.01,2.25,365
USS0010D10S,45.87,-110.93,2.51,364
USS0010D12S,45.22,-110.24,-0.94,365
USS0010D13S,45.5,-110.97,2.48,360
USS0010D16S,45.4,-110.96,0.4,365
USS0010D24S,45.42,-110.09,-0.52,365
USS0010D31S,45.27,-110.25,3.25,365
USS0010D35S,45.89,-110.94,1.93,365
USS0010D39S,45.5,-110.08,3.87,364
USS0010E03S,44.72,-110.51,0.9,365
USS0010E06S,44.48,-110.16,-0.11,364
USS0010E07S,44.37,-110.58,-0.41,365
USS0010E09S,44.21,-110.67,1.93,365
USS0010E12S,44.13,-110.67,1.5,365
USS0010E15S,44.13,-110.83,1.69,365
USS0010E17S,44.15,-110.22,-1.53,365
USS0010E20S,44.46,-110.14,0.27,365
USS0010F02S,43.95,-110.45,2.22,365
USS0010F09S,43.75,-110.06,-1.46,365
USS0010F15S,43.25,-110.02,1.33,365
USS0010F16S,43.17,-110.14,0.98,365
USS0010F17S,43.13,-110.2,2.9,365
USS0010F19S,43.39,-110.13,-0.39,365
USS0010F23S,43.52,-110.91,1.5,365
USS0010F29S,43.34,-110.43,1.5,365
USS0010F30S,43.78,-110.93,-0.24,365
USS0010G02S,42.96,-110.61,-0.24,365
USS0010G08S,42.51,-110.91,3.2,365
USS0010G12S,42.27,-110.81,1.69,365
USS0010G13S,42.49,-110.53,2.34,365
USS0010G15S,42.76,-110.59,1.19,365
USS0010G20S,42.53,-110.66,0.2,365
USS0010G22S,42.3,-110.68,1.38,365
USS0010G23S,42.82,-110.84,2.9,365
USS0010G24S,42.15,-110.68,1.79,356
USS0010G25S,42.65,-110.81,2.69,365
USS0010J01S,40.92,-110.19,1.77,365
USS0010J04S,40.95,-110.48,0.85,364
USS0010J06S,40.98,-110.85,3.06,365
USS0010J10S,40.6,-110.43,-0.11,365
USS0010J12S,40.55,-110.35,3.16,365
USS0010J17S,40.89,-110.83,1.58,365
USS0010J18S,40.55,-110.69,4.54,364
USS0010J20S,40.91,-110.5,-0.13,365
USS0010J21S,40.88,-110.54,0.87,364
USS0010J22S,40.96,-110.58,0.72,365
USS0010J23S,40.84,-110.66,-0.66,365
USS0010J26S,40.72,-110.47,0.03,365
USS0010J30S,40.58,-110.59,0.79,365
USS0010J35S,40.86,-110.8,1.96,365
USS0010J43S,40.77,-110.01,0.35,365
USS0010J44S,40.8,-110.88,1.69,365
USS0010J52S,40.68,-110.95,0.12,365
USS0010J55S,40.84,-110.01,-0.55,365
USS0010K01S,39.89,-110.75,3.75,365
USS0010K02S,39.96,-110.99,4.13,365
USS0010K06S,39.68,-110.43,2.31,365
USS0010M01S,38.08,-110.77,5.46,365
USS0010R04S,34.31,-110.75,9.13,365
USS0010S01S,33.81,-110.92,10.48,364
USS0011C01S,46.56,-111.29,0.23,365
USS0011C02S,46.58,-111.27,2.39,365
USS0011C04S,46.35,-111.85,1.29,365
USS0011D08S,45.02,-111.85,0.33,365
USS0011D11S,45.51,-111.92,1.52,365
USS0011D19S,45.27,-111.43,0.22,365
USS0011D28S,45.6,-111.96,0.42,364
USS0011E03S,44.59,-111.82,2.58,365
USS0011E07S,44.66,-111.09,1.67,365
USS0011E10S,44.42,-111.39,2.37,361
USS0011E24S,44.79,-111.71,0.74,365
USS0011E29S,44.96,-111.29,-1,365
USS0011E30S,44.61,-111.15,1.53,364
USS0011E31S,44.59,-111.12,0.69,365
USS0011E35S,44.51,-111.13,1.29,365
USS0011E36S,44.53,-111.41,2.63,365
USS0011E37S,44.44,-111.99,2.81,365
USS0011E38S,44.95,-111.36,0.31,365
USS0011E39S,44.98,-111.95,3.19,357
USS0011F02S,43.57,-111.21,3.73,364
USS0011F11S,43.21,-111.69,4.06,365
USS0011G01S,42.95,-111.36,4.45,365
USS0011G05S,42.56,-111.3,3.5,365
USS0011G06S,42.36,-111.56,2.36,365
USS0011G30S,42.52,-111.96,3.05,365
USS0011G32S,42.05,-111.6,2.15,365
USS0011G33S,42.41,-111.17,2.74,365
USS0011H01S,41.97,-111.6,3.07,365
USS0011H03S,41.89,-111.57,4.34,365
USS0011H07S,41.92,-111.47,1.82,365
USS0011H08S,41.38,-111.94,4.71,365
USS0011H21S,41.31,-111.45,3.54,365
USS0011H25S,41.41,-111.83,6.26,363
USS0011H30S,41.38,-111.92,5.89,365
USS0011H31S,41.25,-111.41,2.94,365
USS0011H32S,41.22,-111.36,4.21,365
USS0011H36S,41.9,-111.63,3.52,365
USS0011H37S,41.68,-111.42,3.33,365
USS0011H55S,41.41,-111.54,3.21,356
USS0011H57S,41.47,-111.5,2.86,365
USS0011H58S,41.79,-111.55,4.13,358
USS0011H59S,41.36,-111.49,3.69,365
USS0011H60S,41.86,-111.51,1.61,365
USS0011J01S,40.85,-111.05,2.73,365
USS0011J02S,40.89,-111.07,4.3,365
USS0011J06S,40.67,-111.22,4.64,365
USS0011J08S,40.16,-111.21,3.91,365
USS0011J11S,40.99,-111.82,4.76,357
USS0011J12S,40.97,-111.81,3.8,365
USS0011J21S,40.43,-111.62,3.87,365
USS0011J22S,40.19,-111.36,5.44,365
USS0011J23S,40.3,-111.26,3.06,365
USS0011J32S,40.36,-111.09,3.19,364
USS0011J37S,40.87,-111.72,5.61,365
USS0011J42S,40.56,-111.66,3.86,365
USS0011J46S,40.61,-111.1,2.8,351
USS0011J52S,40.76,-111.63,4.84,365
USS0011J53S,40.79,-111.12,4.05,365
USS0011J56S,40.62,-111.53,2.77,365
USS0011J57S,40.6,-111.58,2.51,365
USS0011J64S,40.84,-111.71,3.6,365
USS0011J65S,40.66,-111.64,3.44,365
USS0011J68S,40.93,-111.81,4.67,365
USS0011J69S,40.83,-111.76,4.13,365
USS0011J70S,40.28,-111.61,5.97,362
USS0011K03S,39.68,-111.32,2.61,365
USS0011K05S,39.61,-111.3,2.06,365
USS0011K09S,39.31,-111.43,1.26,365
USS0011K10S,39.3,-111.45,1.88,365
USS0011K11S,39.32,-111.49,3.29,365
USS0011K12S,39.14,-111.51,2.06,365
USS0011K13S,39.14,-111.56,4.46,365
USS0011K15S,39.05,-111.47,3.48,365
USS0011K21S,39.87,-111.28,2.89,365
USS0011K22S,39.89,-111.25,4.29,365
USS0011K28S,39.45,-111.27,1.74,365
USS0011K29S,39.42,-111.25,3.38,365
USS0011K31S,39.13,-111.44,2.08,364
USS0011K32S,39.13,-111.35,2.75,365
USS0011K35S,39.24,-111.52,3.98,365
USS0011K36S,39.5,-111.73,4.66,365
USS0011K39S,39.01,-111.58,4.07,365
USS0011K52S,39.93,-111.63,4.3,365
USS0011L01S,38.77,-111.68,2.51,365
USS0011L02S,38.79,-111.69,4.21,365
USS0011L03S,38.5,-111.77,2.58,365
USS0011L04S,38.68,-111.6,2.06,365
USS0011L05S,38.21,-111.48,2.11,365
USS0011L12S,38.8,-111.68,4.66,365
USS0011M01S,38.05,-111.34,3.05,365
USS0011M03S,37.84,-111.88,3.38,365
USS0011M06S,37.97,-111.83,1.06,365
USS0011P02S,35.27,-111.74,6.33,360
USS0011P08S,35.34,-111.65,3.59,365
USS0011P13S,35.07,-111.84,8.09,365
USS0011R03S,34.94,-111.52,8.04,365
USS0011R05S,34.75,-111.41,8.44,365
USS0011R06S,34.46,-111.41,10.23,365
USS0011R10S,34.37,-111.01,9.02,365
USS0011R12S,34.97,-111.51,4.93,280
USS0011R13S,34.86,-111.61,10,349
USS0012A02S,48.06,-112.76,3.67,364
USS0012B12S,47.92,-112.82,0.39,364
USS0012B13S,47.92,-112.79,2.49,363
USS0012B14S,47.08,-112.73,1.85,365
USS0012B16S,47.06,-112.6,3.92,365
USS0012B17S,47.45,-112.81,1.52,364
USS0012C11S,46.36,-112.26,-0.31,364
USS0012C13S,46.44,-112.19,2.16,365
USS0012C22S,46.84,-112.51,2.55,332
USS0012D09S,45.8,-112.52,1.86,365
USS0012D11S,45.41,-112.96,1.28,365
USS0012E07S,44.79,-112.06,1.89,363
USS0012E08S,44.47,-112.98,0.81,365
USS0012G17S,42.76,-112.48,4.88,365
USS0012G18S,42.26,-112.13,6.56,365
USS0012J02S,40.46,-112.25,5.9,365
USS0012J06S,40.44,-112.24,2.67,365
USS0012J07S,40.49,-112.61,4.48,365
USS0012J09S,40.57,-112.17,5.03,365
USS0012K01S,39.94,-112.41,5.74,365
USS0012K02S,39.35,-112.33,7.3,365
USS0012L04S,38.51,-112.02,3.89,365
USS0012L05S,38.5,-112.01,3.48,365
USS0012L06S,38.48,-112.39,3.92,365
USS0012L07S,38.3,-112.36,1.37,365
USS0012L12S,38.3,-112.44,3.74,365
USS0012L15S,38.88,-112.25,4.71,365
USS0012L20S,38.07,-112.17,2.14,365
USS0012M03S,37.58,-112.9,4.94,365
USS0012M05S,37.49,-112.58,4.46,365
USS0012M06S,37.49,-112.51,7.2,365
USS0012M07S,37.7,-112.65,5.73,365
USS0012M11S,37.75,-112.78,5.54,365
USS0012M13S,37.66,-112.74,3.76,365
USS0012M14S,37.68,-112.86,2.04,365
USS0012M17S,37.6,-112.92,4.5,365
USS0012M23S,37.57,-112.84,2.31,365
USS0012M26S,37.52,-112.27,6.07,365
USS0012P01S,35.26,-112.06,9.5,365
USS0012P02S,35.14,-112.15,9.24,365
USS0013A15S,48.13,-113.02,1.15,365
USS0013A19S,48.8,-113.86,0.86,365
USS0013A24S,48.43,-113.94,2.86,365
USS0013A25S,48.16,-113.95,2.33,365
USS0013A26S,48.3,-113.33,1.81,364
USS0013A27S,48.8,-113.67,3.16,362
USS0013B07S,47.27,-113.76,1.05,365
USS0013B22S,47.43,-113.78,5.16,365
USS0013B24S,47.68,-113.96,0.95,365
USS0013B25S,47.68,-114,4.35,365
USS0013C01S,47,-113.93,1.06,365
USS0013C03S,46.24,-113.77,0.7,364
USS0013C13S,46.41,-113.43,1.47,342
USS0013C31S,46.87,-113.28,2.87,365
USS0013C33S,46.47,-113.39,3.11,365
USS0013C36S,46.13,-113.31,0.81,365
USS0013C38S,46.88,-113.32,3.91,364
USS0013C39S,46.18,-113.85,2.24,365
USS0013C43S,46.27,-113.16,1.1,364
USS0013C44S,46.1,-113.13,0.05,365
USS0013D10S,45.17,-113.5,1.1,365
USS0013D16S,45.67,-113.95,2.64,365
USS0013D19S,45.17,-113.58,-0.26,364
USS0013D22S,45.69,-113.97,0.54,365
USS0013D26S,45.88,-113.33,2.91,365
USS0013E06S,44.41,-113.4,1.34,365
USS0013E16S,44.85,-113.84,2.31,365
USS0013E18S,44.44,-113.32,0.34,365
USS0013E23S,44.99,-113.44,2.12,365
USS0013E27S,44.02,-113.47,2.76,365
USS0013F03S,43.74,-113.94,1.27,365
USS0013F04S,43.61,-113.93,3.9,365
USS0013F09S,43.63,-113.97,3.4,365
USS0013F13S,43.73,-113.83,0.74,365
USS0013G01S,42.32,-113.62,3.53,363
USS0013H05S,41.92,-113.41,0.92,365
USS0013M02S,37.51,-113.4,7.04,365
USS0013M04S,37.49,-113.85,10.24,365
USS0013M05S,37.53,-113.05,4.19,365
USS0013M06S,37.5,-113.94,8.56,365
USS0013M07S,37.4,-113.46,6.5,365
USS0014A11S,48.91,-114.77,3.61,365
USS0014A12S,48.91,-114.86,2.68,219
USS0014A14S,48.31,-114.84,3.16,365
USS0014B04S,47.98,-114.35,2.81,360
USS0014B05S,47.18,-114.33,3,365
USS0014C04S,46.47,-114.63,1.57,365
USS0014C05S,46.63,-114.58,2.84,365
USS0014C12S,46.14,-114.51,2.27,365
USS0014C13S,46.14,-114.45,2.82,364
USS0014D02S,45.73,-114.48,3.53,364
USS0014E01S,44.47,-114.49,1.33,365
USS0014E04S,44.84,-114.27,2.67,364
USS0014F02S,43.86,-114.21,1.02,365
USS0014F03S,43.82,-114.26,1.79,364
USS0014F04S,43.8,-114.85,2.08,365
USS0014F08S,43.6,-114.67,3.41,365
USS0014F11S,43.48,-114.83,4.98,365
USS0014F12S,43.87,-114.71,0.78,365
USS0014F16S,43.71,-114.16,2.34,365
USS0014F17S,43.88,-114.67,1.95,365
USS0014F19S,43.77,-114.42,2.75,365
USS0014G01S,42.16,-114.19,3.68,365
USS0014G02S,42.18,-114.29,3.65,365
USS0014H04S,41.57,-115.03,4.72,364
USS0014K01S,39.46,-114.65,6.11,365
USS0014K02S,39.32,-114.62,1.71,365
USS0014K05S,39.13,-114.96,3.51,365
USS0014K07S,39.23,-114.24,4.29,364
USS0014K08S,39.16,-114.61,0.67,365
USS0014K09S,39.09,-114.9,4.43,287
USS0014K10S,39.56,-114.63,4.4,365
USS0014L04S,39.01,-114.31,1.23,365
USS0015A03S,48.97,-115.95,2.25,365
USS0015A05S,48.98,-115.82,3.14,365
USS0015A08S,48.57,-115.45,3.23,362
USS0015A12S,48.13,-115.62,3.67,363
USS0015B02S,47.46,-115.71,4.38,365
USS0015B09S,47.56,-115.82,3.8,365
USS0015B14S,47.07,-115.96,3.71,365
USS0015B21S,47.53,-115.78,4.58,365
USS0015C04S,46.57,-115.74,5.57,364
USS0015C05S,46.49,-115.8,6.06,365
USS0015C06S,46.48,-115.63,4.12,365
USS0015C09S,46.56,-115.29,1.91,365
USS0015C10S,46.98,-115.03,2.17,364
USS0015C16S,46.76,-115.3,2.73,365
USS0015D01S,45.19,-115.97,2.79,365
USS0015D06S,45.7,-115.23,1.34,365
USS0015E02S,44.63,-115.79,2.72,364
USS0015E04S,44.54,-115.56,1.16,365
USS0015E08S,44.29,-115.66,4.03,365
USS0015E09S,44.05,-115.44,4.13,365
USS0015E11S,44.3,-115.23,1.57,365
USS0015F01S,43.93,-115.67,4.5,365
USS0015F04S,43.76,-115.24,4.15,365
USS0015F05S,43.63,-115.44,2.29,365
USS0015F06S,43.51,-115.57,6.86,365
USS0015F09S,43.27,-115.35,6.21,365
USS0015F14S,43.95,-115.27,3.38,365
USS0015G02S,42.01,-115,3.93,365
USS0015H01S,41.83,-115.45,3.1,365
USS0015H03S,41.74,-115.47,4.21,365
USS0015H04S,41.76,-115.69,5.24,364
USS0015H09S,41.23,-116.03,4.26,365
USS0015H14S,41.87,-115.25,2.22,365
USS0015H19S,41.41,-115.45,5.49,364
USS0015H20S,41.89,-115.86,5.91,338
USS0015H24S,41.66,-115.32,4.74,365
USS0015J01S,40.89,-115.2,3.89,365
USS0015J06S,40.65,-115.38,4.04,365
USS0015J09S,40.38,-115.53,5.17,365
USS0015J12S,40.28,-115.53,4.07,365
USS0015J15S,40.94,-115.1,4.34,365
USS0015J22S,40.98,-115.17,7.26,364
USS0015K03S,39.56,-115.84,1.12,190
USS0015K04S,39.45,-115.98,5.69,365
USS0015L01S,38.95,-115.38,4.81,364
USS0015L02S,39,-115.42,5.25,364
USS0015N09S,36.32,-115.7,5.33,365
USS0015N10S,36.31,-115.68,6,365
USS0015N11S,36.25,-115.63,8.4,365
USS0016A04S,48.06,-116.23,3.28,365
USS0016A08S,48.31,-116.07,3.16,365
USS0016A10S,48.37,-116.64,2.55,365
USS0016A12S,48.89,-116.76,2.67,350
USS0016A14S,48.72,-116.46,6.8,365
USS0016B14S,47.15,-116.27,5.8,327
USS0016C01S,46.95,-116.34,6.63,365
USS0016C02S,46.81,-116.85,5.96,365
USS0016C20S,46.84,-116.12,3.36,365
USS0016D08S,45.07,-116.45,4.51,365
USS0016D09S,45.04,-116.13,2.74,365
USS0016E05S,44.77,-116.25,3.98,364
USS0016E10S,44.61,-116.98,3.81,365
USS0016E11S,44.95,-116.14,3.66,365
USS0016E14S,44.38,-116.34,8.11,363
USS0016E18S,44.79,-116.09,4.01,363
USS0016F02S,43.76,-116.1,5.18,365
USS0016F08S,43.29,-116.85,7.05,365
USS0016G01S,42.76,-116.9,5.96,365
USS0016G07S,42.6,-116.56,6.38,363
USS0016H02S,41.55,-116.01,5.02,365
USS0016H03S,41.27,-116.8,6.51,364
USS0016H04S,41.53,-116.01,4.1,365
USS0016H05S,41.78,-116.03,5.74,365
USS0016H06S,41.67,-116.07,6.05,364
USS0016H07S,41.32,-116.34,3.9,365
USS0016H08S,41.82,-116.1,5.46,363
USS0016H11S,41.34,-116.98,5.08,364
USS0016J01S,40.36,-116.86,5.88,365
USS0017A01S,48.69,-117.18,1.55,365
USS0017B04S,47.88,-117.09,4.48,353
USS0017B06S,47.86,-117.04,6.23,365
USS0017C04S,46.18,-117.54,4.52,365
USS0017C05S,46.12,-117.85,4.55,365
USS0017C06S,46.24,-117.39,8.5,365
USS0017D02S,45.21,-117.19,0.78,365
USS0017D06S,45.27,-117.69,3.27,365
USS0017D07S,45.08,-117.55,4.7,365
USS0017D08S,45,-117.17,4.05,364
USS0017D18S,45.27,-117.17,0.92,365
USS0017D20S,45.98,-117.95,3.69,365
USS0017H02S,41.75,-117.53,5.25,365
USS0017H07S,41.52,-117.63,8,365
USS0017H08S,41.67,-117.57,2.87,365
USS0017J02S,40.88,-117.59,7.2,365
USS0017K04S,39.29,-117.11,4.72,365
USS0018A19S,48.19,-118.46,5.64,365
USS0018A21S,48.86,-118.4,5.03,365
USS0018A26S,48.95,-118.99,4.91,365
USS0018D04S,45.56,-118.45,7.72,365
USS0018D06S,45.27,-118.85,5.67,365
USS0018D08S,45.19,-118.55,5.71,365
USS0018D09S,45.15,-118.22,4.45,365
USS0018D19S,45.7,-118.11,4.3,365
USS0018D20S,45.36,-118.47,5.93,365
USS0018D21S,45.07,-118.15,4.02,365
USS0018E03S,44.87,-118.11,3.48,365
USS0018E05S,44.83,-118.19,4.35,365
USS0018E08S,44.76,-118.31,5.37,360
USS0018E09S,44.66,-118.43,5.7,365
USS0018E16S,44.25,-118.52,4.81,365
USS0018E18S,44.21,-118.64,4.93,365
USS0018F01S,44.01,-118.84,6.31,365
USS0018G01S,42.75,-118.69,4.96,365
USS0018G02S,42.71,-118.63,3.93,365
USS0018H01S,41.97,-118.19,7.36,365
USS0018H02S,41.49,-119,4.7,365
USS0019A02S,48.66,-119.84,3.41,365
USS0019A09S,48.59,-119.87,5.97,365
USS0019A13S,48.36,-119.08,4.37,365
USS0019D02S,45.19,-119.25,4.59,365
USS0019D03S,45.11,-119.5,5.86,365
USS0019E03S,44.45,-119.93,4.3,365
USS0019E07S,44.26,-119.02,6.51,365
USS0019F01S,43.95,-119.54,4.65,365
USS0019K04S,39.16,-119.9,3.77,365
USS0019K07S,39.32,-119.89,3.01,365
USS0019K08S,39.46,-119.94,3.86,365
USS0019L03S,38.85,-119.94,3.27,365
USS0019L05S,38.61,-119.92,2.93,365
USS0019L06S,38.51,-119.63,3.35,365
USS0019L07S,38.31,-119.6,3.25,365
USS0019L08S,38.3,-119.55,5.21,365
USS0019L13S,38.07,-119.23,3.29,365
USS0019L17S,38.44,-119.37,2.44,365
USS0019L19S,38.55,-119.8,3.63,365
USS0019L24S,38.92,-119.92,3.04,365
USS0019L38S,38.28,-119.61,2.76,365
USS0019L39S,38.67,-119.82,7.16,365
USS0019L40S,38.67,-119.61,4.51,365
USS0019L41S,38.72,-119.89,2.51,365
USS0019L42S,38.4,-119.54,2.79,365
USS0019L43S,38.68,-119.96,4.56,365
USS0019L44S,38.84,-119.89,3.68,365
USS0019L45S,38.69,-119.99,3.15,365
USS0020A05S,48.72,-120.66,1.31,365
USS0020A07S,48.53,-120.99,3.38,365
USS0020A09S,48.52,-120.74,2.96,365
USS0020A23S,48.2,-120.92,2.42,365
USS0020A41S,48.57,-120.78,3.92,365
USS0020A46S,48.07,-120.85,6.28,365
USS0020B02S,47.35,-120.68,5.39,365
USS0020B07S,47.29,-120.37,5,365
USS0020B11S,47.28,-120.49,4.73,365
USS0020B24S,47.99,-120.57,6.43,365
USS0020B25S,47.23,-120.29,4.6,365
USS0020D01S,45.99,-120.68,6.68,365
USS0020D02S,45.99,-120.81,0.61,92
USS0020E02S,44.43,-120.33,5.5,365
USS0020G02S,42.7,-120.8,4.96,365
USS0020G06S,42.32,-120.83,7.24,365
USS0020G09S,42.13,-120.84,6.63,365
USS0020G12S,42.64,-120.95,3.45,365
USS0020H01S,41.99,-120.72,7.4,365
USS0020H02S,41.89,-120.75,7.21,338
USS0020H06S,41.58,-120.3,5.91,365
USS0020H12S,41.99,-120.18,3.61,365
USS0020H13S,41.24,-120.79,5.4,365
USS0020K03S,39.49,-120.28,4.75,365
USS0020K04S,39.45,-120.29,4.74,365
USS0020K05S,39.43,-120.31,4.75,365
USS0020K13S,39.3,-120.18,6.25,365
USS0020K25S,39.14,-120.22,5.38,365
USS0020K27S,39.17,-120.15,5.97,365
USS0020K30S,39.19,-120.26,4.49,365
USS0020K31S,39.33,-120.37,5.33,365
USS0020L02S,39,-120.13,5.29,365
USS0020L06S,38.85,-120.08,5.51,365
USS0020L10S,38.93,-120.05,5.51,365
USS0021A01S,48.88,-121.26,4.56,365
USS0021A07S,48.86,-121.44,3.46,365
USS0021A09S,48.76,-121.7,5.46,365
USS0021A28S,48.93,-121.2,3.02,365
USS0021A31S,48.87,-121.79,4.59,365
USS0021A32S,48.69,-121.91,6.82,364
USS0021A35S,48.98,-121.08,8.08,365
USS0021A36S,48.82,-121.93,4.56,365
USS0021B01S,47.75,-121.09,4.06,365
USS0021B04S,47.54,-121.09,4.43,365
USS0021B10S,47.27,-121.34,3.83,365
USS0021B13S,47.02,-121.46,3.62,365
USS0021B17S,47.3,-121.6,5.85,365
USS0021B20S,47.33,-121.47,5.72,365
USS0021B21S,47.36,-121.57,6.16,365
USS0021B31S,47.16,-121.42,4.46,365
USS0021B42S,47.28,-121.67,6.68,365
USS0021B48S,47.78,-121.7,6.13,365
USS0021B50S,47.2,-121.78,5.18,365
USS0021B51S,47.38,-121.06,5.18,365
USS0021B55S,47.37,-121.44,4.82,365
USS0021B59S,47.28,-121.47,5.82,356
USS0021B60S,47.68,-121.61,6.9,365
USS0021B62S,47.07,-121.59,6.96,364
USS0021B63S,47.04,-121.94,5.46,365
USS0021C10S,46.55,-121.17,3.73,365
USS0021C13S,46.09,-121.76,5.26,364
USS0021C14S,46.35,-121.51,3.47,365
USS0021C17S,46.91,-121.48,3.01,365
USS0021C20S,46.18,-121.93,5.29,365
USS0021C26S,46.27,-121.96,4.84,365
USS0021C28S,46.64,-121.38,3.33,365
USS0021C33S,46.62,-121.39,2.07,365
USS0021C35S,46.78,-121.75,3.43,365
USS0021C38S,46.81,-121.33,5.04,365
USS0021C39S,46.36,-121.08,5.09,365
USS0021C40S,46.93,-121.95,7.9,365
USS0021C41S,46.87,-121.53,3.89,365
USS0021C42S,46.1,-121.96,7.1,365
USS0021C43S,46.64,-121.83,5.48,365
USS0021C44S,46.32,-121.94,4.8,365
USS0021D01S,45.62,-121.7,6.56,365
USS0021D04S,45.46,-121.7,4.87,365
USS0021D08S,45.32,-121.72,4.61,365
USS0021D12S,45.19,-121.69,5.4,365
USS0021D13S,45.1,-121.75,5.79,365
USS0021D14S,45.04,-121.93,6.42,365
USS0021D33S,45.43,-121.86,6.44,364
USS0021D35S,45.25,-121.74,5.69,365
USS0021E04S,44.59,-121.97,7.38,338
USS0021E05S,44.44,-121.95,6.62,365
USS0021E06S,44.42,-121.86,4.84,365
USS0021E07S,44.21,-121.87,4.7,365
USS0021E13S,44.14,-121.64,5.98,365
USS0021F10S,43.51,-121.98,5.82,365
USS0021F12S,42.96,-121.18,5.64,365
USS0021F21S,43.8,-121.95,2.98,365
USS0021F22S,43.23,-121.81,5.84,365
USS0021G03S,42.69,-121.43,6.35,365
USS0021G04S,42.21,-121.13,8.09,365
USS0021G16S,42.41,-121.68,4.98,365
USS0021G17S,42.79,-121.98,6.07,365
USS0022C09S,46.15,-122.15,6.65,365
USS0022C10S,46.19,-122.25,5.7,365
USS0022C12S,46.26,-122.18,6.9,365
USS0022C13S,46.16,-122.18,5.78,365
USS0022D01S,45.9,-122.22,7.69,365
USS0022D02S,45.55,-122,5.68,365
USS0022D03S,45.45,-122.03,7.19,365
USS0022E07S,44.39,-122.17,7.69,365
USS0022E08S,44.52,-122.09,7.65,365
USS0022E09S,44.61,-122.23,6.38,365
USS0022E10S,44.33,-122.09,6.68,365
USS0022E11S,44.3,-122.04,8.94,365
USS0022F03S,43.59,-122.06,5.4,365
USS0022F04S,43.61,-122.12,5.53,365
USS0022F05S,43.66,-122.21,9.36,364
USS0022F14S,43.45,-122.14,3.87,365
USS0022F18S,43.19,-122.14,5.95,365
USS0022F42S,43.67,-122.57,6.25,365
USS0022F43S,43.9,-122.03,5.75,365
USS0022F45S,43.23,-122.43,7.87,359
USS0022G06S,42.87,-122.17,4.43,365
USS0022G12S,42.44,-122.23,5.61,365
USS0022G13S,42.41,-122.27,5.31,365
USS0022G14S,42.38,-122.35,7.02,365
USS0022G21S,42.05,-122.85,5.56,365
USS0022G24S,42.53,-122.18,5.7,365
USS0022G26S,42.22,-122.37,7.33,365
USS0022G33S,42.7,-122.14,5.74,365
USS0023B06S,47.76,-123.03,4.96,365
USS0023B16S,47.87,-123.08,5.85,365
USS0023B17S,47.94,-123.43,3.43,365
USS0023B18S,47.71,-123.46,5.04,365
USS0023D01S,45.54,-123.37,7.51,365
USS0023D02S,45.53,-123.3,8.75,365
USS0023D03S,45.25,-123.28,10.93,365
USS0023G09S,42.72,-123.2,7.54,365
USS0023G15S,42.08,-123.34,6.43,365
USS0033J01S,58.19,-133.83,4.41,360
USS0035K02S,59.59,-135.21,2.55,365
USS0041P07S,64.79,-141.23,-1.35,364
USS0042M01S,61.35,-142.71,0.47,365
USS0042N01S,62.07,-142.05,-2.5,365
USS0044Q07S,65.1,-144.93,1.17,283
USS0045L01S,60.55,-145.75,5.4,365
USS0045M07S,61.19,-145.65,1.12,365
USS0045O01S,63.2,-145.63,-2.69,343
USS0045O04S,63.94,-145.4,0.22,365
USS0045P03S,64.95,-145.52,2.24,283
USS0045Q02S,65.08,-145.87,1.72,283
USS0045Q05S,65.49,-145.41,-2.69,364
USS0045R01S,66.57,-145.25,-3.33,363
USS0046M04S,61.08,-146.3,4.4,365
USS0046P01S,64.85,-146.21,1.88,280
USS0046Q01S,65.25,-146.15,1.93,283
USS0046Q02S,65.12,-146.73,3.72,283
USS0046Q07S,65.37,-146.59,-0.72,358
USS0047O01S,63.31,-147.65,-1.6,365
USS0047P03S,64.85,-147.8,1.06,325
USS0048L06S,60.8,-148.09,5.15,365
USS0048M04S,61.38,-149,2.57,365
USS0048U01S,69.42,-148.69,-5.12,365
USS0048V01S,70.27,-148.57,-7.14,365
USS0049L01S,60.96,-149.09,3.93,364
USS0049L09S,60.61,-149.06,3.54,365
USS0049L10S,60.39,-149.69,4.24,365
USS0049L13S,60.78,-149.18,3.76,365
USS0049L14S,60.26,-149.34,4.02,364
USS0049L18S,60.19,-149.62,4.68,365
USS0049L19S,60.62,-149.53,7.02,365
USS0049M08S,61.07,-149.48,1.02,365
USS0049M22S,61.11,-149.67,3.38,365
USS0049T01S,68.62,-149.3,-4.18,364
USS0049T03S,68.13,-149.48,-7.52,365
USS0050K05S,59.78,-150.76,3.83,365
USS0050K06S,59.7,-150.71,5.05,365
USS0050K07S,59.73,-150.66,0.94,149
USS0050L02S,60.73,-150.48,4.18,365
USS0050M01S,61.75,-150.89,6.55,302
USS0050N05S,62.63,-150.78,2.4,365
USS0050N07S,62.13,-150.04,2.78,361
USS0050O01S,63.54,-150.99,-1.57,365
USS0050R04S,66.75,-150.67,-1.34,365
USS0050S01S,67.25,-150.18,-2.79,365
USS0051K05S,59.86,-151.32,0.72,110
USS0051K14S,59.74,-151.25,4.16,365
USS0051K15S,59.35,-151.85,5.88,365
USS0051R01S,66.92,-151.53,-5.53,364
USS0053L01S,60.98,-153.92,2.95,365
USS0054K01S,59.08,-154.28,5.31,365
USS0062S01S,67.93,-162.28,-0.96,364
USS0063P01S,64.53,-163.42,-0.16,365
USS0063P02S,64.99,-163.1,0.09,365
USS0064P01S,64.56,-164.29,1.43,365
USW00003017,39.8467,-104.6561,9.65,365
USW00003170,39.6014,-116.0056,7.26,365
USW00003810,35.7419,-81.3822,15.72,365
USW00003812,35.4317,-82.5378,14.67,365
USW00003813,32.6889,-83.6531,19.23,365
USW00003816,37.0683,-88.7719,15.05,365
USW00003820,33.3653,-81.9636,19.3,365
USW00003822,32.1314,-81.2022,20.62,365
USW00003847,35.9508,-85.0814,14.01,365
USW00003856,34.6442,-86.7861,17.54,365
USW00003860,38.3653,-82.5547,14.1,365
USW00003870,34.8833,-82.2197,17.03,365
USW00003872,37.7836,-81.1228,12.5,365
USW00003889,37.5908,-83.3131,14.36,365
USW00003894,36.6169,-87.4117,15.38,364
USW00003901,32.3908,-94.7139,18.78,365
USW00003904,30.5911,-96.3631,20.67,365
USW00003927,32.8975,-97.0219,19.03,365
USW00003928,37.6544,-97.4431,13.92,365
USW00003937,30.1253,-93.2158,21,365
USW00003940,32.3197,-90.0778,18.8,365
USW00003945,38.8169,-92.2147,13.73,334
USW00003947,39.2975,-94.7308,12.24,365
USW00004725,42.1997,-75.9847,7.86,365
USW00004781,40.7939,-73.1019,12,365
USW00012815,28.4183,-81.3242,23.32,365
USW00012816,29.6917,-82.2761,21.86,365
USW00012834,29.1736,-81.0719,22.59,365
USW00012836,24.5569,-81.7553,26.73,365
USW00012839,25.7881,-80.3169,25.86,365
USW00012842,27.9633,-82.54,23.99,365
USW00012843,27.6553,-80.4142,23.83,365
USW00012844,26.685,-80.0992,25.08,365
USW00012849,26.0789,-80.1622,25.48,365
USW00012912,28.8625,-96.93,21.44,365
USW00012916,29.9975,-90.2778,22.16,365
USW00012917,29.9519,-94.0261,21.31,365
USW00012918,29.6458,-95.2822,21.81,365
USW00012919,25.9161,-97.4189,24.23,365
USW00012921,29.5442,-98.4839,20.85,365
USW00012923,29.2703,-94.8642,22.35,365
USW00012924,27.7839,-97.5114,22.77,365
USW00012960,29.9844,-95.3608,21.31,365
USW00013722,35.8922,-78.7819,16.69,365
USW00013723,36.0969,-79.9431,16.08,365
USW00013729,38.89,-79.8556,11.68,365
USW00013733,37.3214,-79.2064,14.53,365
USW00013737,36.9036,-76.1928,17.39,365
USW00013739,39.8733,-75.2269,13.99,365
USW00013740,37.5117,-77.3233,15.95,365
USW00013741,37.3172,-79.9736,15.08,365
USW00013743,38.8472,-77.0344,15.65,365
USW00013781,39.6744,-75.6056,15.5,246
USW00013786,36.2578,-76.1717,17.69,365
USW00013829,32.35,-85,18.81,365
USW00013833,31.2694,-89.2561,19.42,361
USW00013865,32.3347,-88.7508,19.2,365
USW00013866,38.3794,-81.5911,14.08,365
USW00013870,31.54,-82.5072,20.17,365
USW00013873,33.9478,-83.3272,17.93,365
USW00013874,33.6297,-84.4422,18.71,365
USW00013876,33.5656,-86.745,18.71,365
USW00013877,36.4797,-82.3989,14.59,365
USW00013881,35.2225,-80.9544,17.62,365
USW00013882,35.0336,-85.2003,17.58,365
USW00013883,33.9486,-81.1183,18.86,365
USW00013889,30.4847,-81.7019,21.33,365
USW00013891,35.8181,-83.9858,16.25,365
USW00013893,35.0564,-89.9864,27.54,31
USW00013894,30.6794,-88.24,20.53,365
USW00013895,32.2997,-86.4075,19.86,365
USW00013897,36.1106,-86.6881,16.87,365
USW00013904,30.1831,-97.68,20.51,365
USW00013939,33.4939,-90.9806,18.13,358
USW00013957,32.4508,-93.8414,19.07,365
USW00013959,31.6181,-97.2283,19.29,364
USW00013960,32.8383,-96.8358,19.91,365
USW00013962,32.4106,-99.6819,18.57,365
USW00013964,35.3333,-94.3653,16.73,365
USW00013966,33.9786,-98.493,17.18,365
USW00013967,35.3883,-97.6003,15.13,365
USW00013968,36.1986,-95.8783,16.03,365
USW00013969,36.7369,-97.1022,15.07,365
USW00013971,36.2672,-93.1567,14.36,365
USW00013975,36.2967,-99.7686,14.43,365
USW00013978,33.4961,-90.0894,18.14,365
USW00013984,39.5514,-97.6508,12.24,365
USW00013985,37.7608,-99.9689,12.51,365
USW00013993,39.7683,-94.9094,11.76,363
USW00013994,38.7525,-90.3733,16.41,303
USW00013995,37.2353,-93.4006,13.9,365
USW00013996,39.0725,-95.6261,12.82,365
USW00013997,38.1317,-91.7647,12.91,365
USW00014606,44.7978,-68.8186,6.99,365
USW00014607,46.8706,-68.0172,-2.51,92
USW00014711,40.1961,-76.7725,13,365
USW00014732,40.7794,-73.8803,13.38,365
USW00014733,42.9489,-78.7367,11.57,306
USW00014734,40.6828,-74.1692,13.3,365
USW00014735,42.7472,-73.7992,9.91,365
USW00014737,40.6497,-75.4478,14.25,246
USW00014739,42.3606,-71.0097,11.78,365
USW00014740,41.9375,-72.6819,10.82,365
USW00014742,44.4683,-73.15,8.21,365
USW00014745,43.205,-71.5025,7.45,347
USW00014750,43.3386,-73.6103,7.89,360
USW00014764,43.6425,-70.3045,8.51,365
USW00014765,41.7225,-71.4325,11.01,365
USW00014768,43.1172,-77.6753,9.41,365
USW00014771,43.1111,-76.1039,9.17,365
USW00014777,41.3336,-75.7228,10.86,365
USW00014778,41.2431,-76.9217,10.77,365
USW00014820,41.4133,-81.86,11.6,365
USW00014821,39.9906,-82.8769,12.41,365
USW00014826,42.9669,-83.75,9.26,365
USW00014827,40.9725,-85.2064,10.73,365
USW00014836,42.7761,-84.5997,8.98,365
USW00014837,43.1406,-89.3453,8.11,365
USW00014839,42.955,-87.9044,8.95,365
USW00014840,43.1711,-86.2369,9.25,365
USW00014842,40.6675,-89.6842,11.06,365
USW00014847,46.48,-84.3581,5.12,365
USW00014848,41.7072,-86.3164,9.75,365
USW00014852,41.2547,-80.6736,10.58,365
USW00014860,42.0803,-80.1822,10.63,365
USW00014891,40.8203,-82.5178,10.9,365
USW00014895,40.9181,-81.4433,11.49,365
USW00014898,44.4986,-88.1111,7.35,365
USW00014913,46.8369,-92.2097,4.64,365
USW00014914,46.9242,-96.812,4.43,365
USW00014916,47.9428,-97.1831,3.25,365
USW00014918,48.5594,-93.3956,2.9,365
USW00014920,43.8792,-91.2531,8.52,364
USW00014922,44.8853,-93.2314,7.43,365
USW00014923,41.4481,-90.5236,10.73,365
USW00014925,43.9039,-92.4919,6.15,365
USW00014926,45.5442,-94.0517,5.18,365
USW00014929,45.4558,-98.4133,5.21,365
USW00014931,40.7728,-91.1256,10.82,365
USW00014933,41.5339,-93.6531,9.76,365
USW00014935,40.9614,-98.3131,9.99,365
USW00014936,44.3792,-98.2228,6.25,363
USW00014939,40.8478,-96.7647,10.64,365
USW00014941,41.98,-97.4336,8.89,358
USW00014942,41.3119,-95.9019,10.66,365
USW00014943,42.3917,-96.3794,8.52,364
USW00014944,43.5878,-96.7294,7.63,365
USW00014990,41.8831,-91.7247,8.39,365
USW00021504,19.7192,-155.0489,24.03,365
USW00022516,20.8886,-156.4344,25.66,365
USW00022521,21.3239,-157.9394,26.02,365
USW00022536,21.9806,-159.3386,25.1,365
USW00023007,34.4275,-100.2839,16.5,365
USW00023009,33.3072,-104.5081,17.37,365
USW00023023,31.9433,-102.1892,18.76,365
USW00023034,31.3714,-100.4925,19.1,365
USW00023042,33.6542,-101.8142,16.14,365
USW00023044,31.8122,-106.3775,19.63,365
USW00023047,35.2333,-101.7092,14.18,365
USW00023050,35.0419,-106.6156,14.08,365
USW00023051,36.4483,-103.1536,12.13,361
USW00023061,37.4394,-105.8617,5.01,365
USW00023065,39.3669,-101.7003,13.73,270
USW00023066,39.1344,-108.5408,11.48,365
USW00023129,33.8117,-118.1472,17.99,365
USW00023154,39.2953,-114.8467,7.07,365
USW00023155,35.4342,-119.0553,19.38,365
USW00023157,37.3711,-118.3589,13.64,365
USW00023160,32.1317,-110.9564,21.09,365
USW00023169,36.0719,-115.1633,20.93,365
USW00023174,33.9381,-118.3867,17.43,365
USW00023183,33.4278,-112.0036,23.9,365
USW00023185,39.5078,-119.7683,12.48,365
USW00023188,32.7336,-117.1831,17.74,365
USW00023194,35.0281,-110.7219,13.62,365
USW00023232,38.5067,-121.4961,16.19,365
USW00023233,36.6636,-121.6092,14.43,365
USW00023234,37.6197,-122.3656,14.81,365
USW00023237,37.89,-121.2264,17.38,365
USW00023254,37.9917,-122.0528,16.58,365
USW00023273,34.8942,-120.4522,14.64,365
USW00024011,46.7708,-100.7606,4.86,365
USW00024012,46.7997,-102.7972,4.4,365
USW00024018,41.1519,-104.8061,7.65,365
USW00024021,42.8153,-108.7261,5.88,365
USW00024023,41.1219,-100.6689,8.96,365
USW00024025,44.3819,-100.2864,6.5,364
USW00024028,41.8747,-103.6011,8.35,365
USW00024029,44.7603,-106.9742,6.14,365
USW00024032,42.8586,-100.5514,8.38,365
USW00024033,45.8072,-108.5461,7.81,365
USW00024057,41.8064,-107.1953,5.87,363
USW00024089,42.8978,-106.4736,6.46,365
USW00024090,44.0458,-103.0545,6.18,365
USW00024127,40.7706,-111.965,11.88,365
USW00024128,40.9017,-117.8081,10.19,364
USW00024131,43.5669,-116.2406,11.49,365
USW00024135,45.9644,-112.5014,3.51,365
USW00024137,48.6036,-112.3767,3.92,365
USW00024138,45.2583,-112.5545,4.08,365
USW00024141,47.3078,-119.5156,10.58,364
USW00024143,47.4733,-111.3828,5.52,365
USW00024144,46.6044,-111.9892,5.86,365
USW00024149,46.3744,-117.0153,11.48,365
USW00024153,46.9208,-114.0939,6.43,365
USW00024155,45.6906,-118.8531,10.4,365
USW00024156,42.9197,-112.5722,8.03,365
USW00024157,47.6217,-117.5281,8.74,365
USW00024213,40.8097,-124.1603,11.7,336
USW00024216,40.1519,-122.2547,17.66,362
USW00024221,44.1331,-123.2156,11.5,365
USW00024225,42.375,-122.8769,12.87,365
USW00024227,46.9736,-122.905,10.19,365
USW00024229,45.5958,-122.6092,12.41,365
USW00024230,44.2558,-121.1408,9.15,365
USW00024232,44.905,-123.0011,11.62,365
USW00024233,47.4447,-122.3144,11.95,365
USW00024243,46.5639,-120.535,10.05,365
USW00024257,40.5147,-122.2978,17.72,365
USW00025308,55.0389,-131.5786,9.8,271
USW00025309,58.3539,-134.5561,6.89,365
USW00025339,59.5122,-139.6711,6.84,361
USW00025501,57.7508,-152.4881,7.68,365
USW00025503,58.6794,-156.6294,5.32,365
USW00025507,59.6419,-151.4911,6.4,365
USW00025624,55.2206,-162.7322,6.43,365
USW00025713,57.155,-170.2228,4.45,350
USW00026411,64.8031,-147.8761,0.52,365
USW00026415,63.9931,-145.7214,1.26,365
USW00026425,62.1592,-145.4589,0.71,365
USW00026451,61.1692,-150.0278,5.97,365
USW00026510,62.9575,-155.61,0.41,365
USW00026528,62.3197,-150.0975,4.48,365
USW00026533,66.9178,-151.5189,-2.04,365
USW00026615,60.785,-161.8294,2.75,364
USW00026616,66.8856,-162.6067,0.03,365
USW00026617,64.5111,-165.44,0.22,365
USW00027401,70.1333,-143.6333,-6.36,360
USW00027502,71.2869,-156.7394,-6.03,365
USW00053860,30.3369,-81.5128,21.62,365
USW00053864,33.1783,-86.7817,18.32,365
USW00093026,31.4583,-109.6067,16.76,365
USW00093037,38.8094,-104.6886,9.77,365
USW00093042,36.0253,-102.5489,12.99,365
USW00093058,38.2886,-104.5058,11.45,365
USW00093193,36.78,-119.7203,18.86,365
USW00093228,37.6589,-122.1211,15.22,359
USW00093720,38.3408,-75.5133,14.79,365
USW00093721,39.1733,-76.6842,14.52,365
USW00093730,39.4519,-74.5669,16.89,215
USW00093738,38.9347,-77.4472,13.97,365
USW00093739,37.9372,-75.4661,15.45,365
USW00093805,30.3975,-84.3289,21.06,365
USW00093814,39.0444,-84.6725,13.38,365
USW00093815,39.9064,-84.2186,12.5,365
USW00093817,38.0503,-87.5147,13.98,365
USW00093819,39.7075,-86.2803,12.13,365
USW00093820,38.0339,-84.6114,14.68,365
USW00093821,38.1775,-85.7308,15.54,365
USW00093822,39.8453,-89.6839,11.76,365
USW00093862,34.2622,-88.7714,17.82,365
USW00093874,30.4122,-89.0808,20.72,365
USW00093904,32.8167,-97.35,18.52,364
USW00093989,39.9372,-91.1967,11.6,365
USW00094008,48.2064,-106.6247,5.32,365
USW00094012,48.5425,-109.7644,4.7,365
USW00094119,47.9742,-117.4292,7.27,356
USW00094185,43.5947,-118.9578,7.67,365
USW00094224,46.1569,-123.8833,10.74,365
USW00094240,47.9369,-124.5575,9.75,365
USW00094702,41.1642,-73.1267,11.97,365
USW00094746,42.2706,-71.8731,8.64,365
USW00094789,40.6392,-73.7639,12.58,365
USW00094814,44.3592,-84.6739,6.23,364
USW00094822,42.1933,-89.0933,9.38,365
USW00094823,40.4847,-80.2144,11.39,365
USW00094830,41.5869,-83.8053,11.09,365
USW00094846,41.9603,-87.9317,9.86,365
USW00094847,42.2311,-83.3311,10.2,365
USW00094849,45.0717,-83.5644,6.26,365
USW00094860,42.8939,-85.545,9.23,365
USW00094908,42.3983,-90.7092,8.02,365
USW00094910,42.5544,-92.4014,8.71,365
